D A T E,KODEX 200,TIGER KOSDAQ150,TIGER S&P500,TIGER SYNTH-EURO STOXX 50(H),ACE Japan Nikkei225(H),TIGER CHINA A300,KOSEF 10YKTB,KBSTAR Credit,TIGER SYNTH-HY(H),KODEX Gold Futures(H),TIGER WTI Futures,KODEX INVERSE,KODEX USD Futures,KODEX USD Futures Inverse,KOSEF Enhanced Cash
10/16/20,-0.0298,-0.0938,0.0216,-0.0292,0.0095,0.0143,0.002,0.0026,0.0039,-0.031,-0.0126,0.0283,-0.0241,0.0244,0.0006
10/19/20,-0.0163,-0.1012,0.0378,-0.0122,0.0111,-0.0027,0.0065,0.0031,0.0017,-0.0233,-0.0296,0.0149,-0.0156,0.0166,0.0006
10/20/20,-0.0094,-0.0959,0.0236,-0.0226,0.0141,-0.0018,0.0053,0.0031,0.0013,-0.0285,-0.0296,0.0065,-0.0175,0.0196,0.0006
10/21/20,0.0022,-0.0633,0.0466,-0.0127,0.0193,0.0088,0.0004,0.0025,0.0017,-0.0204,-0.015,-0.0046,-0.0225,0.0231,0.0007
10/22/20,0.0191,-0.0569,0.0458,-0.0074,0.0095,0.0196,-0.0004,0.0014,0.0065,0.0034,-0.0077,-0.0226,-0.0267,0.0272,0.0007
10/23/20,0.0191,-0.0683,0.0401,-0.0084,0.0151,0.0117,-0.0024,0.0022,0.0104,0.0135,0.0026,-0.02,-0.0253,0.0272,0.0007
10/26/20,0.0366,-0.0525,0.0548,0.0028,0.0161,0.0104,-0.0018,0.0019,0.0139,0.0132,-0.048,-0.0357,-0.0395,0.0402,0.0007
10/27/20,0.0277,-0.0421,0.0486,-0.0141,0.0144,0.0118,-0.0032,0.0019,0.0135,0.0201,-0.048,-0.0276,-0.04,0.0427,0.0007
10/28/20,0.0182,-0.0515,0.015,-0.0464,-0.0029,0.0213,-0.0055,0.0007,0.0069,0.0249,-0.0383,-0.0181,-0.0362,0.0382,0.0006
10/29/20,-0.0018,-0.0468,-0.0146,-0.0709,-0.0113,0.0235,-0.0062,0.0006,-0.0004,-0.0015,-0.0635,-0.0009,-0.0324,0.0319,0.0006
10/30/20,-0.0288,-0.0822,-0.0367,-0.0865,-0.0264,0.0047,-0.008,0.0004,-0.0013,-0.0096,-0.1041,0.0264,-0.0309,0.0304,0.0006
11/2/20,-0.014,-0.0679,-0.027,-0.0833,-0.0203,0.0207,-0.0127,-0.0005,0.0048,-0.0015,-0.1142,0.0109,-0.0304,0.0309,0.0007
11/3/20,0.0056,-0.0487,-0.0124,-0.0543,-0.0203,0.0226,-0.0128,-0.0005,0.0061,0.0031,-0.0685,-0.0091,-0.0309,0.0289,0.0007
11/4/20,0.0119,-0.0298,0.0074,-0.0405,0.0006,0.0291,-0.0099,0,0.0069,0.0081,-0.0355,-0.0155,-0.0285,0.0279,0.0008
11/5/20,0.0229,-0.0232,0.0279,-0.0134,0.0352,0.0543,-0.0032,0.0014,0.0121,0.0061,-0.0026,-0.0249,-0.0296,0.0287,0.0008
11/6/20,0.0232,-0.0382,0.0227,-0.0092,0.0341,0.0312,-0.0022,0.0012,0.0178,0.0121,-0.0436,-0.0259,-0.0341,0.0358,0.0009
11/9/20,0.0258,-0.0309,0.0355,0.0064,0.0483,0.0584,-0.0008,0.0011,0.0069,0.0353,-0.0356,-0.0262,-0.0343,0.036,0.0006
11/10/20,0.0257,-0.0499,0.0259,0.0479,0.0487,0.0371,-0.0055,0.0009,0.018,-0.0069,-0.0204,-0.0262,-0.0333,0.0355,0.0007
11/11/20,0.0422,-0.0443,0.0347,0.0598,0.0693,0.0259,-0.008,0.0009,0.0197,-0.0077,0.0127,-0.0421,-0.0377,0.039,0.0007
11/12/20,0.033,-0.0511,0.0158,0.0499,0.0763,0.0018,-0.0068,0.0021,0.0154,-0.036,0.0051,-0.0366,-0.0266,0.0299,0.0006
11/13/20,0.043,-0.04,0.001,0.0393,0.0723,-0.0195,-0.0065,0.0011,0.0102,-0.0245,-0.0026,-0.046,-0.0276,0.0284,0.0007
11/16/20,0.0903,0.0173,0.0387,0.0727,0.0986,0.0036,-0.011,0.0012,0.0167,-0.0114,0,-0.0881,-0.0325,0.0338,0.0005
11/17/20,0.09,0.0051,0.0362,0.0782,0.108,-0.0032,-0.0108,0.0016,0.0154,-0.0129,0.0128,-0.0872,-0.036,0.0343,0.0006
11/18/20,0.0888,0.0196,0.0305,0.075,0.0866,0.0068,-0.0086,0.002,0.0193,-0.0175,0.0051,-0.0862,-0.0365,0.0368,0.0005
11/19/20,0.0878,0.0464,0.0217,0.0604,0.0789,0.0164,-0.012,0.002,0.021,-0.0299,0.0025,-0.0846,-0.0223,0.0238,0.0006
11/20/20,0.0813,0.0524,0.0338,0.0716,0.0783,0.0219,-0.011,0.0017,0.0227,-0.0217,0.0025,-0.0779,-0.0213,0.0207,0.0005
11/23/20,0.1061,0.0846,0.0352,0.097,0.0876,0.0498,-0.0064,0.0024,0.0215,-0.0183,0.0283,-0.1019,-0.0199,0.0196,0.0004
11/24/20,0.1122,0.0733,0.0459,0.0966,0.1096,0.0378,-0.0083,0.0019,0.0245,-0.0438,0.0387,-0.1065,-0.0194,0.0187,0.0003
11/25/20,0.1057,0.0729,0.0559,0.1064,0.121,0.0254,-0.0103,0.0022,0.0284,-0.0545,0.0644,-0.0991,-0.0219,0.0216,0.0002
11/26/20,0.1188,0.1305,0.06,0.1044,0.123,0.0407,-0.0132,0.0017,0.0223,-0.0485,0.1088,-0.1109,-0.0196,0.0205,0.0003
11/27/20,0.131,0.134,0.0641,0.1243,0.1274,0.0453,-0.0112,0.002,0.0201,-0.0558,0.0928,-0.121,-0.0186,0.0171,0.0002
11/30/20,0.1508,0.1204,0.114,0.2076,0.143,0.0477,-0.0085,0.0023,0.0299,-0.0532,0.1615,-0.1341,-0.0229,0.0251,0.0002
12/1/20,0.169,0.1307,0.1281,0.1894,0.1615,0.0721,-0.0075,0.0026,0.0333,-0.0466,0.1643,-0.1483,-0.0229,0.0236,0.0002
12/2/20,0.1716,0.1279,0.1164,0.1862,0.1556,0.059,-0.0049,0.0036,0.0318,-0.0405,0.1633,-0.1506,-0.0289,0.0295,0.0001
12/3/20,0.1568,0.1225,0.1039,0.1557,0.1559,0.0368,-0.005,0.0038,0.0284,-0.0322,0.1226,-0.1398,-0.0324,0.0399,0.0002
12/4/20,0.1702,0.1225,0.0837,0.1329,0.1292,0.0292,-0.0063,0.0033,0.0283,-0.0344,0.0974,-0.1491,-0.0463,0.0518,0.0001
12/7/20,0.1484,0.1635,0.0589,0.1061,0.0969,0.0149,-0.0064,0.0035,0.02,-0.0528,0.118,-0.1312,-0.0343,0.035,0.0002
12/8/20,0.1301,0.1195,0.0573,0.1057,0.084,0.0136,-0.0053,0.0041,0.0213,-0.039,0.1046,-0.1169,-0.0313,0.0326,0.0002
12/9/20,0.1418,0.1129,0.0435,0.0869,0.0787,-0.0223,-0.0063,0.0041,0.0251,-0.0515,0.0871,-0.1269,-0.0254,0.0271,0.0002
12/10/20,0.1329,0.1501,0.0418,0.04,0.0778,-0.0165,-0.0008,0.0046,0.0147,-0.0247,0.0753,-0.1202,-0.0238,0.0242,0.0002
12/11/20,0.1246,0.1523,0.0308,0.0248,0.0536,-0.014,0.0015,0.0045,0.0046,-0.0259,0.0678,-0.1144,-0.0173,0.0173,0.0002
12/14/20,0.114,0.1555,0.039,0.0248,0.0557,0.024,-0.0013,0.004,0.0169,-0.0255,0.0895,-0.1043,-0.0203,0.0223,0.0002
12/15/20,0.114,0.1555,0.0322,0.0204,0.0493,0.0231,-0.0017,0.0042,0.0139,-0.0221,0.0844,-0.1043,-0.0198,0.0208,0.0002
12/16/20,0.0953,0.1538,0.0207,0.0255,0.0375,0.0132,-0.003,0.003,0.011,-0.0177,0.0997,-0.0885,-0.0138,0.013,0.0001
12/17/20,0.0946,0.1732,0.0289,0.0249,0.0234,0.0311,-0.0075,0.0025,0.0143,-0.0085,0.1086,-0.0884,-0.0107,0.013,0.0002
12/18/20,0.0943,0.1596,0.0351,0.028,0.046,0.0226,-0.0072,0.0019,0.013,0.0019,0.112,-0.0884,-0.0041,0.0058,0.0003
12/21/20,0.093,0.148,0.0431,0.0147,0.046,0.016,-0.0042,0.0029,0.0122,0.0206,0.1015,-0.0865,-0.0106,0.0106,0.0002
12/22/20,0.0752,0.1139,0.0327,-0.0017,0.0392,-0.0004,-0.0027,0.0036,0.0084,0.0051,0.0736,-0.0714,-0.0066,0.0058,0.0003
12/23/20,0.0661,0.1016,0.0328,0.0107,0.0397,-0.0057,-0.0039,0.0031,0.0097,-0.0058,0.0501,-0.0629,-0.0031,0.0019,0.0003
12/24/20,0.0814,0.1257,0.0266,0.0184,0.0231,0.0027,-0.0048,0.0031,0.0105,0.0275,0.0844,-0.0777,-0.0092,0.0082,0.0004
12/28/20,0.0801,0.1028,0.026,0.0199,0.0083,0.0206,-0.0018,0.0024,0.0101,0.0418,0.051,-0.0751,-0.0072,0.0081,0.0004
12/29/20,0.0984,0.1357,0.0333,0.0229,0.0324,0.016,-0.0026,0.0024,0.0122,0.0378,0.0534,-0.0897,-0.0118,0.011,0.0005
12/30/20,0.1388,0.139,0.0358,0.0154,0.0408,0.0192,-0.0039,0.0021,0.0172,0.0607,0.0634,-0.1272,-0.0179,0.0158,0.0005
1/4/21,0.1031,0.0714,0.0226,0.0246,0.0157,0.049,-0.0034,0.0022,0.0117,0.0455,0.0671,-0.0979,0,-0.0019,0.0006
1/5/21,0.1197,0.0724,0.0082,0.0161,0.0074,0.0688,-0.0009,0.003,0.0125,0.0534,0.0288,-0.1099,0.0042,-0.0075,0.0007
1/6/21,0.1088,0.0644,0.0099,0.0161,0.0085,0.0788,-0.0043,0.0029,0.0134,0.0553,0.0815,-0.1023,0.0037,-0.007,0.0007
1/7/21,0.1286,0.0341,0.0224,0.029,0.0281,0.0927,-0.0056,0.0024,0.0125,0.0419,0.1007,-0.1182,0.0057,-0.0052,0.0007
1/8/21,0.1976,0.0803,0.0379,0.0379,0.067,0.1004,-0.0073,0.002,0.0121,0.0203,0.1214,-0.1712,0.0057,-0.0066,0.0008
1/11/21,0.1727,0.0507,0.0379,0.0398,0.0541,0.1283,-0.0024,0.0023,0.0155,0.0024,0.0965,-0.1523,0.0083,-0.0076,0.0007
1/12/21,0.1636,0.0467,0.0381,0.0352,0.0575,0.1689,-0.0039,0.0021,0.0092,0.0099,0.1129,-0.1457,0.0098,-0.009,0.0008
1/13/21,0.1702,0.0483,0.0392,0.0309,0.0698,0.1684,-0.0041,0.0024,0.0125,0.0115,0.1412,-0.1501,0.0057,-0.0062,0.0007
1/14/21,0.1733,0.0344,0.0384,0.0301,0.0732,0.1284,-0.0046,0.0027,0.0066,0.0008,0.1221,-0.1538,0.0072,-0.0099,0.0008
1/15/21,0.1475,0.0125,0.0342,0.0387,0.0748,0.1221,-0.0032,0.0021,0.015,0.002,0.1321,-0.1341,0.0078,-0.0076,0.0008
1/18/21,0.1187,-0.0345,0.0135,0.0126,0.0516,0.1292,0.0013,0.0037,0.0095,-0.0271,0.0778,-0.1134,0.0046,-0.0071,0.0007
1/19/21,0.1482,-0.0179,0.0215,0.0209,0.0728,0.094,0.0008,0.0037,0.01,-0.0275,0.0778,-0.1366,0.0036,-0.0062,0.0007
1/20/21,0.1548,0.0073,0.0239,0.0138,0.067,0.1067,0.0022,0.0039,0.0116,-0.0193,0.103,-0.1421,0.0015,-0.0033,0.0006
1/21/21,0.1703,-0.0101,0.0396,0.0387,0.0769,0.1143,-0.0004,0.0035,0.0099,-0.0206,0.106,-0.1542,-0.0026,0.0019,0.0008
1/22/21,0.1813,0.0172,0.0444,0.0518,0.0762,0.1377,-0.0058,0.0022,0.017,-0.0136,0.1158,-0.1625,-0.0026,0.0034,0.0007
1/25/21,0.1694,0.0459,0.0428,0.0227,0.0823,0.1428,-0.0049,0.0021,0.0149,-0.0174,0.0778,-0.1528,0.0015,-0.001,0.0006
1/26/21,0.1375,0.0382,0.0362,0.0063,0.072,0.1211,-0.0041,0.0022,0.0137,-0.0159,0.0824,-0.1281,0.0062,-0.0057,0.0006
1/27/21,0.1337,0.0225,0.0395,0.0151,0.072,0.1157,-0.0043,0.0027,0.0129,-0.0186,0.0915,-0.1247,0.0041,-0.0048,0.0007
1/28/21,0.1072,-0.0063,0.0025,-0.0133,0.0543,0.0865,-0.0041,0.0035,0.0104,-0.0301,0.0924,-0.1048,0.0232,-0.0233,0.0008
1/29/21,0.0643,-0.0673,-0.0025,-0.0095,0.0086,0.0663,-0.0028,0.0039,0.0041,-0.0221,0.0829,-0.0676,0.0269,-0.0266,0.0007
2/1/21,0.0683,-0.029,-0.0037,-0.037,0.0244,0.1004,-0.0035,0.0037,0.0037,-0.0132,0.0849,-0.0682,0.0275,-0.0274,0.0007
2/2/21,0.0842,-0.0277,0.0142,-0.0242,0.0339,0.1115,0.0004,0.0043,0.005,-0.0182,0.1193,-0.0834,0.0281,-0.0288,0.0007
2/3/21,0.0932,-0.0235,0.0279,-0.0041,0.0433,0.1124,0,0.0045,0.0112,-0.0279,0.133,-0.0917,0.027,-0.0274,0.0008
2/4/21,0.0473,-0.031,0.0193,-0.0008,0.0437,0.0663,-0.0023,0.0038,0.0083,-0.0582,0.1348,-0.0507,0.0344,-0.0357,0.0008
2/5/21,0.045,-0.0287,0.0493,0.0196,0.0619,0.0566,-0.0051,0.0029,0.0115,-0.078,0.1888,-0.0501,0.0348,-0.035,0.0007
2/8/21,-0.0222,-0.0409,0.0225,0,0.0457,0.0446,-0.003,0.0026,0.0045,-0.0535,0.119,0.0182,0.0274,-0.0261,0.0006
2/9/21,-0.0255,-0.0473,0.0252,0.0024,0.0506,0.0652,-0.0016,0.0031,0.0066,-0.0405,0.1429,0.0234,0.0243,-0.0232,0.0007
2/10/21,-0.0187,-0.0431,0.0277,0.0016,0.0549,0.0817,-0.0032,0.003,0.0066,-0.0386,0.1385,0.0143,0.016,-0.0152,0.0007
2/15/21,0.0189,0.0053,0.0465,0.0234,0.0536,0.0798,-0.008,0.0026,0.0049,-0.0182,0.1396,-0.0241,0.0021,-0.0033,0.0005
2/16/21,0.0234,-0.012,0.0485,0.0315,0.0643,0.0843,-0.0065,0.0029,0.0037,-0.0174,0.1292,-0.0279,0.001,-0.0033,0.0006
2/17/21,0.0124,-0.0187,0.042,0.0229,0.0605,0.0896,-0.0067,0.0027,0.0053,-0.0352,0.1292,-0.0165,0.0082,-0.01,0.0006
2/18/21,0.0216,-0.0003,0.0433,0.031,0.0779,0.0371,-0.0076,0.002,0.0074,-0.0326,0.1805,-0.0224,0.0041,-0.0038,0.0006
2/19/21,0.0041,-0.0145,0.0311,0.0176,0.0487,0.0795,-0.0089,0.0019,0.0058,-0.0382,0.1444,-0.0051,0.0031,-0.0038,0.0007
2/22/21,-0.0196,-0.0542,0.014,0.0189,0.0529,0.0124,-0.01,0.001,0.0016,-0.0381,0.1462,0.0207,0.0056,-0.0081,0.0006
2/23/21,-0.0206,-0.0771,0.0144,0.0168,0.0559,0.0036,-0.0091,0.0011,-0.0012,-0.0287,0.1949,0.0207,0.0072,-0.0091,0.0006
2/24/21,-0.0415,-0.1032,0.0059,0.0144,0.0331,-0.0219,-0.0047,0.0013,-0.0004,-0.0303,0.1695,0.0427,0.0082,-0.011,0.0007
2/25/21,-0.0298,-0.092,0.0207,0.0275,0.0433,-0.0213,-0.0063,0.0023,0.0016,-0.0324,0.2123,0.0292,0.0061,-0.0072,0.0008
2/26/21,-0.0302,-0.114,-0.0004,0.0221,0.0128,-0.0185,-0.0141,0.0012,-0.0004,-0.0524,0.1966,0.0296,0.0158,-0.0164,0.0008
3/2/21,-0.0141,-0.0692,0.0279,0.0484,0.0346,-0.0233,-0.0145,-0.0005,0.0058,-0.0764,0.1127,0.0103,0.0076,-0.0078,0.0007
3/3/21,-0.0114,-0.066,0.0121,0.0314,0.0295,-0.0108,-0.0136,0,-0.0029,-0.0609,0.0951,0.0078,0.0056,-0.0073,0.0005
3/4/21,-0.0074,-0.0614,-0.0047,0.0256,0.0153,-0.0238,-0.0135,-0.0003,0,-0.0606,0.099,0.0038,0.005,-0.0054,0.0005
3/5/21,-0.0251,-0.0645,-0.0295,0.0155,0.0061,-0.034,-0.0133,-0.001,-0.0033,-0.0586,0.1392,0.0219,0.001,-0.001,0.0005
3/8/21,-0.0248,-0.0772,-0.0175,0.0045,-0.0208,-0.0762,-0.0128,-0.002,0.0016,-0.0621,0.1721,0.0217,0.0121,-0.0127,0.0005
3/9/21,-0.0276,-0.0794,-0.0168,0.0259,-0.0233,-0.1015,-0.0161,-0.0051,-0.0033,-0.0832,0.1098,0.0228,0.0217,-0.0228,0.0003
3/10/21,-0.0398,-0.0841,-0.0149,0.0328,-0.0211,-0.1152,-0.0142,-0.0039,0.002,-0.0747,0.0875,0.0371,0.0316,-0.0332,0.0002
3/11/21,-0.0203,-0.0649,-0.0015,0.0478,-0.0137,-0.1102,-0.0124,-0.0034,0.0012,-0.0616,0.1198,0.0141,0.026,-0.0265,0.0003
3/12/21,-0.0116,-0.0488,0.0045,0.0551,-0.0036,-0.1022,-0.0187,-0.0045,0.0004,-0.0723,0.1293,0.0051,0.0229,-0.0246,0.0003
3/15/21,-0.0306,-0.0683,-0.0025,0.0316,-0.0127,-0.127,-0.0186,-0.0053,-0.0008,-0.0563,0.0932,0.0273,0.0323,-0.0326,0.0004
3/16/21,-0.0268,-0.0287,0.0034,0.027,-0.0155,-0.1242,-0.0151,-0.004,0.0008,-0.0494,0.083,0.0222,0.0267,-0.0268,0.0003
3/17/21,-0.0239,-0.0214,0.0085,0.0324,-0.0171,-0.1225,-0.018,-0.0042,0.0024,-0.0307,0.0922,0.0181,0.0204,-0.0222,0.0004
3/18/21,-0.0026,-0.0072,0.0141,0.0437,-0.0106,-0.0993,-0.0212,-0.0038,-0.0029,-0.0205,0.0486,-0.0051,0.0137,-0.0159,0.0003
3/19/21,-0.0216,-0.0106,0.0015,0.0403,-0.0099,-0.1252,-0.0152,-0.0044,-0.0016,-0.0174,0.0037,0.0154,0.0224,-0.0226,0.0002
3/22/21,-0.0096,0.0119,0.0055,0.0379,-0.0302,-0.0906,-0.0079,-0.0028,-0.0024,-0.0347,0.024,0.0013,0.0183,-0.0164,0.0002
3/23/21,-0.0179,0.0337,0.0105,0.0323,-0.0387,-0.0982,-0.0069,-0.0029,-0.0016,-0.0421,-0.0231,0.0127,0.0168,-0.0179,0.0002
3/24/21,-0.0011,0.0745,0.0129,0.0304,-0.0393,-0.0799,-0.0078,-0.0026,0.0029,-0.0442,-0.0435,-0.005,0.0203,-0.0179,0.0002
3/25/21,-0.0319,0.0265,-0.0085,0.0304,-0.0463,-0.0935,-0.0027,-0.0034,0.0008,-0.0359,-0.049,0.0283,0.0234,-0.0236,0.0002
3/26/21,0.0048,0.0587,0.027,0.0584,0.0063,-0.0574,0.0005,-0.0021,0.0037,-0.0208,-0.0495,-0.0113,0.0055,-0.0059,0.0003
3/29/21,0.003,0.0539,0.0325,0.0653,0.0111,-0.059,0.0027,-0.002,0.0098,-0.022,-0.0442,-0.0075,0.008,-0.0103,0.0003
3/30/21,0.0143,0.0558,0.037,0.0747,0.0142,-0.0529,-0.0041,-0.0026,0.009,-0.0333,-0.0159,-0.0213,0.0095,-0.0122,0.0002
3/31/21,0.0115,0.0481,0.0334,0.082,0.0113,-0.0607,-0.0039,-0.0019,0.0102,-0.0453,-0.0247,-0.0175,0.0075,-0.0093,0.0006
4/1/21,0.0207,0.0579,0.0404,0.0849,0.0205,-0.0521,-0.0011,-0.0019,0.0078,-0.0304,-0.0389,-0.0263,0.008,-0.0093,0.0006
4/2/21,0.0207,0.0335,0.0346,0.0731,0.0151,-0.0403,-0.0036,-0.0017,0.0114,-0.0017,0.0074,-0.0241,0.0035,-0.0025,0.0006
4/5/21,0.0301,0.026,0.0707,0.0865,0.0431,-0.034,-0.0053,-0.0024,0.0115,0.0156,-0.0551,-0.034,0.003,-0.0044,0.0003
4/6/21,0.0315,0.0203,0.0804,0.0805,0.0362,-0.0422,-0.004,-0.0016,0.0061,0.0216,-0.0706,-0.0353,-0.004,0.0024,0.0003
4/7/21,0.034,0.021,0.0815,0.0793,0.0331,-0.048,-0.0033,-0.0021,0.0131,0.0238,-0.0723,-0.0378,-0.0075,0.0073,0.0005
4/8/21,0.0429,0.0589,0.0685,0.08,0.038,-0.0133,0.0025,0.0008,0.0139,0.0211,-0.1122,-0.0449,-0.0134,0.0118,0.0006
4/9/21,0.0445,0.0734,0.0656,0.0615,0.0392,-0.0241,0.0033,0.0029,0.0176,0.0334,-0.0785,-0.0459,-0.0163,0.0164,0.0007
4/12/21,0.0205,0.0446,0.045,0.0311,0.0044,-0.0472,0.0107,0.0034,0.0143,0.0146,-0.0993,-0.0204,-0.0065,0.0054,0.0007
4/13/21,0.0321,0.0651,0.0474,0.0238,0.0132,-0.0484,0.0078,0.0036,0.0135,0.006,-0.0842,-0.0318,-0.0055,0.0054,0.0007
4/14/21,0.0392,0.0651,0.0514,0.0338,0.0085,-0.0463,0.0107,0.0039,0.0082,0.0176,-0.069,-0.0369,-0.0134,0.0128,0.0007
4/15/21,0.0453,0.069,0.0496,0.0415,-0.0074,-0.033,0.0115,0.0042,0.0143,0.0115,-0.0435,-0.0456,-0.0164,0.0164,0.0007
4/16/21,0.036,0.0528,0.0483,0.0421,-0.0071,-0.0328,0.0063,0.002,0.0139,0.0152,-0.017,-0.0358,-0.012,0.0128,0.0008
4/19/21,0.0477,0.062,0.0668,0.0558,-0.0031,0.0031,0.0116,0.0036,0.0172,0.0198,0.0555,-0.0467,-0.012,0.0108,0.0008
4/20/21,0.0542,0.0582,0.0655,0.0527,-0.0174,0.0017,0.0088,0.003,0.0151,0.0135,0.0739,-0.053,-0.016,0.0163,0.0008
4/21/21,0.0354,0.0433,0.0558,0.0318,-0.042,0.0096,0.0092,0.0035,0.0143,0.0231,0.0425,-0.0354,-0.0105,0.0113,0.0009
4/22/21,0.0352,0.0446,0.0664,0.0482,-0.0003,-0.0004,0.0065,0.0033,0.0086,0.0322,-0.0018,-0.0354,-0.011,0.0088,0.0009
4/23/21,0.0456,0.0458,0.0516,0.0602,-0.0026,0.0256,0.0002,0.003,0.0172,0.0262,0.0145,-0.0463,-0.01,0.0103,0.0009
4/26/21,0.0457,0.041,0.0638,0.0424,0.001,0.0043,-0.0053,0.0022,0.0135,0.028,0.0372,-0.0443,-0.015,0.0128,0.0007
4/27/21,0.0469,0.0293,0.0667,0.049,-0.0021,0,-0.0042,0.0023,0.0139,0.0297,0.052,-0.0468,-0.0175,0.0157,0.0008
4/28/21,0.0358,-0.0014,0.066,0.0451,-0.006,0.0074,-0.0054,0.0027,0.0118,0.0225,0.0613,-0.0354,-0.015,0.0143,0.0008
4/29/21,0.0341,-0.0118,0.0643,0.0441,-0.0039,0.0113,-0.0089,0.0021,0.0016,0.0306,0.0721,-0.0353,-0.0209,0.0222,0.0011
4/30/21,0.0156,-0.0166,0.0579,0.0239,-0.015,0.003,-0.004,0.0026,0.0106,0.037,0.0485,-0.0141,-0.0199,0.0203,0.0012
5/3/21,-0.0084,-0.0473,0.0406,0.0056,-0.0389,-0.0137,-0.0057,0.0009,0.0061,0.0346,0.0457,0.0078,-0.005,0.0034,0.0006
5/4/21,0,-0.0397,0.039,0.0071,-0.0373,-0.0124,-0.0054,0.0015,0.0044,0.0385,0.0658,0,-0.006,0.0044,0.0007
5/6/21,0.0025,-0.0311,0.0246,0.0101,-0.0174,-0.0004,-0.0025,0.0024,0.0102,0.033,0.1,-0.0013,0.005,-0.0054,0.0008
5/7/21,0.0065,-0.0174,0.0321,0.0153,-0.0125,-0.0039,-0.0038,0.0029,0.0024,0.0456,0.0946,-0.0079,0.0045,-0.0054,0.0007
5/10/21,0.0293,-0.0164,0.0338,0.0167,-0.0127,0.0062,-0.008,0.0022,0.0036,0.0508,0.1,-0.0299,-0.007,0.0059,0.0007
5/11/21,0.0112,-0.0387,0.0173,0.0045,-0.0411,0.0159,-0.0077,0.0022,0.0028,0.0492,0.0833,-0.0117,-0.002,0.0024,0.0008
5/12/21,-0.0055,-0.0617,0.0053,-0.0063,-0.0453,0.0312,-0.0097,0.0012,0.0024,0.0536,0.1084,0.0026,-0.0005,0.001,0.0006
5/13/21,-0.0281,-0.0931,-0.0129,-0.0045,-0.0766,0.0192,-0.0092,0.0005,-0.0008,0.0549,0.0846,0.0263,0.003,-0.0039,0.0008
5/14/21,-0.0257,-0.0725,-0.0029,0.003,-0.061,0.0486,-0.0121,0.0006,0.002,0.0497,0.0452,0.0225,0.0101,-0.0102,0.0008
5/17/21,-0.0302,-0.0786,0.0018,0.0182,-0.0662,0.0691,-0.0072,0.0027,0.002,0.0512,0.0225,0.0278,0.0162,-0.0185,0.0007
5/18/21,-0.0187,-0.0677,0.005,0.0215,-0.0441,0.066,-0.0077,0.003,0.0016,0.0608,0.0416,0.0146,0.0121,-0.0126,0.0008
5/20/21,-0.0278,-0.0724,-0.0133,-0.0052,-0.0407,0.0497,-0.0093,0.0017,-0.0008,0.0598,-0.0052,0.0253,0.0183,-0.0194,0.0007
5/21/21,-0.0106,-0.0645,0.0091,0.0259,-0.0096,0.0259,-0.0087,0.0019,0.002,0.0493,0.0018,0.0065,0.0076,-0.0088,0.0007
5/24/21,-0.0154,-0.0826,0.0086,0.0162,-0.0158,0.0211,-0.0053,0.0006,-0.002,0.0547,0.0394,0.0118,0.0081,-0.0078,0.0007
5/25/21,-0.0061,-0.0684,0.0196,0.0192,-0.0145,0.0533,-0.006,0.0009,0.0028,0.0527,0.0698,0.0026,0.0045,-0.0049,0.0007
5/26/21,-0.017,-0.0689,0.0046,0.0181,-0.0209,0.0623,-0.0024,0.0005,0.0016,0.0702,0.0717,0.0132,0.0041,-0.0044,0.0007
5/27/21,-0.0199,-0.0489,-0.0002,0.0107,-0.0197,0.0722,-0.003,0.0007,0.0028,0.0664,0.053,0.0173,0.0061,-0.0068,0.0007
5/28/21,-0.0033,-0.0221,0.0056,0.0203,0.0024,0.0574,-0.0022,-0.0008,0.0004,0.0689,0.0578,-0.0026,0.0025,-0.0039,0.0005
5/31/21,0.011,0,0.0031,0.0297,0.0008,0.0608,-0.0036,-0.0009,0.0004,0.0767,0.036,-0.0169,0,0,0.0004
6/1/21,0.0168,0.0007,0.0018,0.0249,-0.0058,0.0535,-0.003,-0.0006,-0.002,0.0805,0.0497,-0.0233,-0.0046,0.0029,0.0004
6/2/21,0.016,-0.0127,0.0004,0.0319,0.0011,0.0475,-0.0049,-0.0007,-0.0024,0.0709,0.0497,-0.0221,0.0015,-0.001,0.0004
6/3/21,0.032,0.0286,0.0044,0.0376,0.0176,0.0538,-0.0033,0.0004,-0.0008,0.0665,0.0909,-0.0374,-0.007,0.0069,0.0004
6/4/21,0.0195,0.009,0.0012,0.0342,0.0066,0.0511,-0.0019,-0.0012,0.002,0.0473,0.0686,-0.0247,-0.0045,0.0039,0.0003
6/7/21,0.0106,-0.0028,0.005,0.0268,-0.0148,0.0533,-0.001,-0.0013,0.0052,0.0347,0.0593,-0.0145,-0.0075,0.0083,0.0004
6/8/21,0.0086,0.0014,0.0063,0.0268,-0.0184,0.0507,0.0015,-0.0013,0.0056,0.0416,0.0559,-0.0132,-0.007,0.0059,0.0004
6/9/21,-0.0028,-0.0135,0.0058,0.0279,-0.0233,0.0511,0.0025,-0.0002,0.0064,0.0392,0.0797,-0.0013,-0.005,0.0049,0.0003
6/10/21,-0.0159,-0.0104,-0.0034,0.0234,-0.0214,0.068,0.0055,-0.0021,0.0044,0.026,0.0572,0.0107,0.0015,-0.0019,0.0001
6/11/21,0.009,0.0121,0.0171,0.0363,0.0114,0.0478,0.0037,-0.0024,0.0064,0.036,0.0838,-0.0158,-0.0081,0.0054,-0.0001
6/14/21,0.0278,0.0294,0.0293,0.0437,0.0396,0.0242,0.0074,-0.002,0.0129,0.0152,0.1107,-0.031,-0.0105,0.0108,-0.0001
6/15/21,0.0302,0.0244,0.0336,0.0437,0.0524,0.0115,0.008,-0.0026,0.0134,0.018,0.1125,-0.0336,-0.01,0.0099,-0.0002
6/16/21,0.0365,0.0204,0.0289,0.0463,0.0505,-0.0004,0.0087,-0.0029,0.0105,0.0136,0.1332,-0.0401,-0.0105,0.0103,-0.0004
6/17/21,0.035,0.0269,0.0095,0.0375,0.0481,-0.0129,0.0055,-0.0042,0.006,-0.0238,0.0983,-0.0387,-0.0025,0.0045,-0.0003
6/18/21,0.026,0.0365,0.0115,0.0331,0.0223,-0.0054,0.0091,-0.0045,0.006,-0.0479,0.0649,-0.0274,0.002,-0.0039,-0.0005
6/21/21,0.0198,0.0359,-0.0021,0.0121,-0.0046,-0.0059,0.0115,-0.0044,0.0068,-0.0545,0.1487,-0.0234,0.0065,-0.0084,-0.0005
6/22/21,0.0268,0.0381,0.0148,0.0267,0.0229,-0.0038,0.0076,-0.0044,0.0056,-0.0525,0.1735,-0.0299,0.004,-0.0064,-0.0005
6/23/21,0.0321,0.0462,0.0212,0.026,0.024,0.0063,0.0086,-0.0036,0.0052,-0.0529,0.1752,-0.0364,0.0085,-0.0103,-0.0005
6/24/21,0.039,0.0587,0.02,0.0087,0.0134,0.0038,0.0069,-0.0043,0.0105,-0.0585,0.1446,-0.0415,0.006,-0.0093,-0.0006
6/25/21,0.0344,0.0353,0.0128,0.0159,0.0158,-0.0139,0.0046,-0.0057,0.0068,-0.0563,0.1137,-0.038,0.0045,-0.0049,-0.0007
6/28/21,0.0309,0.03,0.0174,0.0127,-0.0042,-0.011,0.0015,-0.0055,0.0113,-0.0591,0.1093,-0.0316,0.0126,-0.0131,-0.0007
6/29/21,0.0269,0.0346,0.0182,0.0022,-0.0155,-0.0188,0.0033,-0.0044,0.0105,-0.0633,0.0927,-0.0276,0.0116,-0.0117,-0.0008
6/30/21,0.0305,0.0438,0.0198,0.009,-0.01,-0.0163,0.005,-0.004,0.0121,-0.0723,0.1026,-0.0316,0.0096,-0.0107,-0.0008
7/1/21,0.0148,0.0467,0.0242,0.0036,-0.0037,-0.0098,0.0093,-0.0039,0.0097,-0.0733,0.0881,-0.0146,0.0234,-0.0218,-0.0009
7/2/21,0.0143,0.0652,0.0291,-0.004,-0.0061,-0.0272,0.0104,-0.005,0.0113,-0.0655,0.106,-0.0159,0.0193,-0.0199,-0.0009
7/5/21,0.0135,0.0773,0.0367,-0.0054,-0.0158,-0.0326,0.009,-0.0033,0.0092,-0.0475,0.0899,-0.016,0.0136,-0.0136,-0.0006
7/6/21,0.0182,0.0691,0.0385,-0.0075,-0.0098,-0.0355,0.0106,-0.003,0.0056,-0.0365,0.114,-0.02,0.0121,-0.0136,-0.0004
7/7/21,0.0082,0.0719,0.0283,-0.0168,-0.0218,-0.0054,0.0104,-0.0024,0.0036,-0.0449,0.0688,-0.0094,0.0228,-0.0238,-0.0005
7/8/21,-0.0003,0.0511,0.0281,-0.0157,-0.028,-0.0108,0.0116,-0.0005,0.0048,-0.0535,0.0498,0,0.0268,-0.0277,-0.0002
7/9/21,0.0003,0.0641,0.023,-0.0332,-0.0228,-0.0158,0.0086,-0.0018,0.0036,-0.0513,0.0392,0,0.0283,-0.0302,0
7/12/21,-0.0014,0.0405,0.0301,-0.0139,-0.0208,-0.0008,0.0101,-0.0005,0.0032,-0.0549,0.0599,0.0027,0.033,-0.0311,0.0001
7/13/21,0.0071,0.0486,0.0338,-0.0054,-0.0129,0,0.0085,-0.0009,-0.0008,-0.0495,0.0647,-0.0067,0.031,-0.0296,0.0001
7/14/21,0.004,0.039,0.0277,-0.0153,-0.0208,-0.0091,0.0074,-0.0011,0.0004,-0.0276,0.0623,-0.0053,0.0283,-0.0292,0.0001
7/15/21,0.0085,0.0595,0.0255,-0.0149,-0.0361,0.0113,0.0056,-0.0033,0.0004,-0.0201,0.0187,-0.0094,0.0212,-0.0215,0.0002
7/16/21,-0.0018,0.0591,0.0274,-0.0241,-0.0442,0.0166,0.0063,-0.0015,0.0028,-0.0194,-0.0061,0.0027,0.0202,-0.0205,0.0004
7/19/21,-0.0104,0.0291,0.0207,-0.0443,-0.0493,0.008,0.0063,-0.0012,0.002,0.0103,0.0125,0.0094,0.0145,-0.0134,0.0003
7/20/21,-0.0136,0.0243,0.0121,-0.058,-0.0556,0.0105,0.0114,0.0003,-0.0016,0.0173,-0.0391,0.0121,0.0165,-0.0163,0.0004
7/21/21,-0.0091,0.0299,0.0403,-0.0246,-0.0274,0.0284,0.0103,-0.0002,-0.0004,0.0199,-0.0555,0.0107,0.0159,-0.0168,0.0005
7/22/21,-0.0036,0.0377,0.0321,-0.0217,-0.0449,0.0237,0.0102,-0.0007,0.0012,0.0103,-0.0302,0.004,0.0165,-0.0158,0.0005
7/23/21,-0.0069,0.0326,0.0304,-0.0114,-0.0459,0.0071,0.0113,-0.0003,0.0028,0.0145,-0.0136,0.0081,0.0114,-0.0129,0.0006
7/26/21,-0.0262,0.0386,0.0316,-0.0128,-0.0356,-0.0385,0.0176,0.0026,-0.0008,0.0162,-0.0225,0.0272,0.023,-0.0251,0.0007
7/27/21,-0.0246,0.0344,0.0352,-0.0118,-0.0332,-0.0542,0.0181,0.0031,0,0.0087,-0.0105,0.0258,0.0195,-0.0212,0.0008
7/28/21,-0.0206,0.0158,0.0286,-0.0132,-0.0503,-0.0743,0.022,0.0024,-0.0032,0.0116,-0.0149,0.0231,0.022,-0.0222,0.0009
7/29/21,-0.0154,0.0195,0.0284,0.0058,-0.0307,-0.052,0.0172,0.0012,-0.0032,0.0224,0.0076,0.0162,0.0155,-0.0177,0.001
7/30/21,-0.0309,-0.0078,0.0217,-0.0068,-0.0501,-0.061,0.017,0.0018,-0.0052,0.0389,0.0015,0.034,0.021,-0.0202,0.0009
8/2/21,-0.0194,-0.006,0.0242,0.0079,-0.0405,-0.0169,0.0155,0.0033,-0.0056,0.0162,-0.0133,0.0189,0.0134,-0.0144,0.0008
8/3/21,-0.0108,-0.0074,0.0197,0.0105,-0.0392,-0.0161,0.0166,0.0029,-0.0052,0.0166,-0.0369,0.0108,0.0119,-0.0124,0.0008
8/4/21,0.0031,0.0047,0.0249,0.0119,-0.0471,-0.0135,0.0177,0.0035,-0.0044,0.0186,-0.0457,-0.004,0.0075,-0.0084,0.0008
8/5/21,-0.0034,-0.0003,0.0156,0.0188,-0.0271,-0.0119,0.0173,0.0025,-0.0052,0.0124,-0.081,0.0027,0.0105,-0.0109,0.0009
8/6/21,-0.0126,0.0093,0.0192,0.0224,-0.0261,-0.0133,0.0148,0.0016,-0.0036,-0.0049,-0.0793,0.0122,0.011,-0.0099,0.0007
8/9/21,0.0102,0.0247,0.0243,0.0458,-0.0166,-0.016,0.0094,-0.0014,-0.0064,-0.0311,-0.0725,-0.0132,-0.0025,0.004,0.0002
8/10/21,0.0036,0.0169,0.0255,0.0462,-0.0101,-0.0068,0.0085,-0.0011,-0.0072,-0.0365,-0.0634,-0.0066,0.002,-0.001,0.0002
8/11/21,-0.0054,0.0203,0.0268,0.0506,-0.0041,0.0017,0.0086,-0.0005,-0.0068,-0.0397,-0.0468,0.004,0.0074,-0.007,0.0003
8/12/21,-0.0182,0.0176,0.0197,0.0326,-0.018,-0.0179,0.0055,0,-0.0084,-0.0286,-0.0551,0.0173,0.0108,-0.013,0.0004
8/13/21,-0.0429,-0.0007,0.0198,0.0269,-0.0218,-0.0216,0.0074,0.0004,-0.0052,-0.0309,-0.0652,0.0431,0.0187,-0.02,0.0004
8/17/21,-0.0528,-0.0312,0.026,0.0323,-0.0239,-0.0293,0.0093,0.0015,-0.0016,-0.0202,-0.0522,0.0551,0.0317,-0.0309,0.0005
8/18/21,-0.0481,-0.0143,0.0225,0.0352,-0.0155,-0.0259,0.0104,0.0022,-0.0056,-0.0202,-0.0522,0.0484,0.0243,-0.0254,0.0006
8/19/21,-0.0564,-0.0375,0.0159,0.0342,-0.013,-0.0292,0.0082,0.0029,-0.0032,-0.0167,-0.0864,0.0585,0.0236,-0.0241,0.0007
8/20/21,-0.0626,-0.0547,0.0303,0.0429,-0.0175,-0.0507,0.0037,0.0016,-0.0004,-0.0178,-0.0407,0.0663,0.0245,-0.0236,0.0006
8/23/21,-0.0627,-0.0369,0.0187,0.026,-0.0011,-0.0416,0.0017,0.0007,-0.0068,-0.0131,-0.1053,0.0643,0.0201,-0.0196,0.0004
8/24/21,-0.0449,-0.0191,0.0259,0.0292,0.003,-0.0324,-0.002,-0.0009,-0.0068,-0.0029,-0.0718,0.0455,0.0128,-0.0126,0.0003
8/25/21,-0.0419,-0.0138,0.0251,0.0249,0.003,-0.0299,-0.0024,-0.0007,-0.0048,-0.0069,-0.0534,0.0415,0.0132,-0.0131,0.0001
8/26/21,-0.0387,-0.0027,0.0221,0.0224,-0.0044,-0.0052,-0.0036,0.0007,0.0004,-0.0139,-0.0384,0.0384,0.0127,-0.0121,0.0003
8/27/21,-0.0409,-0.002,0.0173,0.0242,-0.0079,0.0087,-0.0048,-0.0003,-0.0004,0.0041,-0.041,0.0398,0.0152,-0.0146,0.0002
8/30/21,-0.031,0.0327,0.0312,0.0271,0.0151,0.0141,-0.0016,0.0008,0.0056,-0.0089,-0.0555,0.0289,0.0128,-0.0136,0.0004
8/31/21,-0.0118,0.0402,0.0385,0.0336,0.024,0.0128,-0.0014,0.0017,0.0052,-0.0073,-0.045,0.0079,0.0064,-0.0085,0.0005
9/1/21,-0.0104,0.0471,0.0371,0.035,0.0343,0.0252,-0.0029,0.0004,0.0072,-0.0077,-0.048,0.0053,0.0044,-0.006,0.0005
9/2/21,-0.024,0.0306,0.0248,0.0269,0.0276,0.003,-0.0012,0.0004,0.0072,0.0029,-0.0583,0.0225,0.0083,-0.008,0.0006
9/3/21,-0.0262,0.0384,0.0343,0.0282,0.0521,-0.0043,-0.0035,0.0013,0.0072,0.0016,-0.0138,0.024,0.0049,-0.0065,0.0006
9/6/21,-0.0301,0.0162,0.0273,0.0117,0.0586,0.0221,-0.0069,0.0002,0.008,0.0148,-0.0141,0.0282,0.0104,-0.012,0.0004
9/7/21,-0.0358,0.0201,0.0271,0.0174,0.0774,0.0338,-0.0056,0.0001,0.0056,0.009,0,0.0349,0.0123,-0.0135,0.0005
9/8/21,-0.0443,0.0017,0.0228,0.0163,0.0857,0.0308,-0.0101,-0.0001,0.0048,-0.0033,-0.0078,0.0444,0.0198,-0.021,0.0004
9/9/21,-0.0569,-0.0053,0.0187,-0.0004,0.0812,0.0219,-0.0061,-0.0004,0.0052,0.0233,0.0423,0.0562,0.0207,-0.022,0.0005
9/10/21,-0.0463,0.0116,0.0189,0.0071,0.0922,0.0293,-0.0055,-0.0014,0.0096,0.0378,0.021,0.0452,0.0152,-0.0166,0.0005
9/13/21,-0.015,0.0111,0.004,-0.0087,0.0863,0.0208,-0.0064,-0.0024,0.0104,0.0172,0.0269,0.0116,0.0068,-0.0056,0.0002
9/14/21,-0.0088,0.0235,0.0044,-0.0066,0.0961,0.011,-0.0089,-0.0022,0.0092,0.0185,0.0365,0.0052,0.0024,-0.0015,0.0002
9/15/21,-0.0073,0.0346,-0.0017,-0.0084,0.0852,-0.0051,-0.0059,-0.0017,0.0084,0.0239,0.0365,0.0039,0.0019,-0.0026,0.0004
9/16/21,-0.016,0.0329,0.0056,-0.0119,0.0839,-0.0136,-0.0075,-0.0019,0.0088,0.0143,0.0571,0.0142,0.0029,-0.0026,0.0004
9/17/21,-0.0022,0.0606,0.0039,-0.0011,0.1159,0.006,-0.0129,-0.0017,0.006,-0.0177,0.0778,-0.0038,-0.0024,0.001,0.0005
9/23/21,0.0123,0.053,-0.0109,0.0032,0.0799,0.0134,-0.0149,-0.0027,0.0105,-0.0136,0.1399,-0.0138,0.0014,-0.0005,0.0004
9/24/21,-0.0075,0.0352,-0.0097,-0.0004,0.0981,0.0056,-0.0157,-0.0019,0.0117,-0.0286,0.1151,0.0051,0.0092,-0.0076,0.0005
9/27/21,0.0007,0.022,-0.0011,0.0039,0.0919,0.0204,-0.016,-0.0038,0.0048,-0.0278,0.0965,-0.0013,0.0048,-0.0071,0.0006
9/28/21,-0.0123,-0.005,-0.0105,-0.0032,0.0908,0.026,-0.0232,-0.004,0.0052,-0.0364,0.1203,0.0115,0.0126,-0.0133,0.0007
9/29/21,-0.0253,-0.0143,-0.0239,-0.0218,0.074,0.0182,-0.0214,-0.004,0.0004,-0.0376,0.0823,0.0255,0.0111,-0.0107,0.0006
9/30/21,-0.0237,-0.0172,-0.0263,-0.0165,0.0704,0.0305,-0.0248,-0.004,0.0004,-0.0484,0.0984,0.0217,0.015,-0.0153,0.0006
10/1/21,-0.0618,-0.0508,-0.0575,-0.054,0.0183,0.0043,-0.0249,-0.0051,0.0008,-0.0357,0.0913,0.0667,0.0264,-0.0258,0.0005
10/5/21,-0.0732,-0.0753,-0.0535,-0.0563,-0.0388,-0.0078,-0.0252,-0.0058,-0.0024,-0.0317,0.1134,0.0768,0.0288,-0.0273,0.0003
10/6/21,-0.0907,-0.0974,-0.0494,-0.0389,-0.0628,-0.0216,-0.0331,-0.0062,-0.0052,-0.0424,0.1651,0.098,0.0323,-0.0298,0.0005
10/7/21,-0.0699,-0.0793,-0.0325,-0.04,-0.0734,-0.018,-0.0331,-0.0061,-0.0044,-0.0321,0.1111,0.074,0.0273,-0.0273,0.0004
10/8/21,-0.0638,-0.0669,-0.0264,-0.0307,-0.0691,0.0105,-0.0274,-0.005,-0.0032,-0.0214,0.1562,0.0656,0.0232,-0.0224,0.0005
10/12/21,-0.0676,-0.0802,-0.0366,-0.0368,-0.0668,-0.0186,-0.0352,-0.0059,-0.0048,-0.0229,0.1754,0.0712,0.0256,-0.024,0.0004
10/13/21,-0.0602,-0.0612,-0.0289,-0.0279,-0.0699,0.0075,-0.0299,-0.0053,-0.0048,-0.0161,0.1451,0.0625,0.0149,-0.0154,0.0007
10/14/21,-0.0544,-0.0433,-0.0197,-0.0162,-0.0693,0.0059,-0.0226,-0.0053,-0.0048,-0.0004,0.1422,0.0565,0.0121,-0.0133,0.0007
10/15/21,-0.0461,-0.0507,0.001,-0.0011,-0.0432,0.0226,-0.0258,-0.0062,-0.0028,-0.0066,0.156,0.0463,0.0087,-0.0097,0.0006
10/18/21,-0.0432,-0.0546,-0.0053,-0.0049,-0.0472,0.0188,-0.026,-0.0079,-0.0008,0,0.1549,0.0448,0.0111,-0.0103,0.0005
10/19/21,-0.0352,-0.0407,0.0029,-0.0049,-0.0415,0.027,-0.024,-0.0076,-0.0016,0.0084,0.1474,0.0345,0.0034,-0.0031,0.0005
10/20/21,-0.0394,-0.0481,0.0071,-0.0056,-0.0445,0.0227,-0.0254,-0.0066,-0.0048,0.0067,0.1414,0.0409,-0.0014,0,0.0005
10/21/21,-0.0412,-0.0614,0.0096,-0.0053,-0.0549,0.0231,-0.0246,-0.0059,-0.004,0.0126,0.1579,0.0422,0.0019,-0.0021,0.0006
10/22/21,-0.0403,-0.0559,0.0139,0,-0.0559,0.0381,-0.0266,-0.0072,-0.0024,0.0134,0.1414,0.0396,0.0019,-0.0031,0.0006
10/25/21,-0.0328,-0.0506,0.0237,0,-0.0552,0.0286,-0.0212,-0.0064,-0.0016,0.0236,0.1549,0.0318,-0.0086,0.0056,0.0005
10/26/21,-0.0238,-0.0301,0.03,0.0039,-0.0376,0.0286,-0.024,-0.0079,-0.0032,0.0286,0.1431,0.0217,-0.0096,0.0072,0.0005
10/27/21,-0.0352,-0.0294,0.0224,0.0067,-0.0358,0.0119,-0.0257,-0.009,-0.0028,0.0181,0.1169,0.0345,-0.0048,0.0057,0.0002
10/28/21,-0.0251,-0.0144,0.0276,0.0148,-0.0446,-0.0017,-0.0107,-0.0087,-0.004,0.0348,0.072,0.0227,-0.0124,0.0119,0.0001
10/29/21,-0.028,-0.0152,0.0451,0.0317,-0.0277,0.0145,-0.0285,-0.0104,0.002,0.0323,0.1213,0.0261,-0.0124,0.0098,0.0001
11/1/21,-0.0095,0.0137,0.0778,0.0678,0.0329,0.0236,-0.0178,-0.0099,-0.0036,0.016,0.1082,0.0061,-0.01,0.0088,-0.0001
11/2/21,0.0037,0.0244,0.0773,0.0763,0.0289,0.0082,-0.0168,-0.0087,-0.0032,0.0215,0.1241,-0.0074,-0.0114,0.0104,0.0001
11/3/21,-0.0105,0.0199,0.0819,0.0789,0.0291,0.0137,-0.0167,-0.0088,-0.0012,0.0131,0.1053,0.0086,-0.0062,0.0057,0
11/4/21,-0.005,0.0233,0.0896,0.0896,0.0397,0.0202,-0.0123,-0.0086,-0.0016,0.0088,0.0722,0.0012,-0.0057,0.0047,0.0001
11/5/21,0.0056,0.0565,0.0886,0.0898,0.0624,0.0383,-0.0045,-0.0067,0.0016,0.0214,0.0209,-0.0085,-0.0038,0.0036,0.0002
11/8/21,0.0055,0.054,0.0648,0.0647,0.0466,-0.0129,0.0051,-0.006,0.0056,0.0336,0.0409,-0.0085,-0.0104,0.0083,0
11/9/21,0.0081,0.0607,0.0667,0.0625,0.0401,-0.0162,0.0086,-0.0043,0.0076,0.0378,0.0382,-0.0109,-0.0142,0.013,0.0001
11/10/21,-0.0026,0.0371,0.0614,0.0615,0.036,-0.0229,0.007,-0.0041,0.0076,0.0378,0.0641,-0.0012,-0.0114,0.0104,0.0001
11/11/21,-0.0028,0.0463,0.0572,0.0625,0.0414,-0.0079,0.0041,-0.0054,0.0072,0.0542,0.03,0,-0.0114,0.0109,0.0001
11/12/21,0.0254,0.0808,0.0737,0.0819,0.0485,0.0046,0.0098,-0.0036,0.0056,0.0541,0.0121,-0.0273,-0.0165,0.0162,0.0003
11/15/21,0.0038,0.0595,0.0531,0.0501,0.0265,-0.0054,0.0066,-0.0022,0.0048,0.0371,-0.0146,-0.0061,-0.0034,0.0031,0.0002
11/16/21,0.002,0.0636,0.052,0.054,0.0286,-0.0033,0.0034,-0.0039,0.0044,0.0417,0.0026,-0.0037,-0.0029,0.0031,0.0003
11/17/21,-0.0106,0.0506,0.0566,0.055,0.022,-0.0042,0.0011,-0.0035,0.0036,0.0355,-0.0159,0.0098,-0.0005,0,0.0003
11/18/21,-0.0115,0.0512,0.0551,0.0572,0.0197,-0.0042,0.0065,-0.0009,-0.0008,0.0583,-0.0547,0.0086,-0.0081,0.0073,0.0004
11/19/21,-0.0125,0.0461,0.0524,0.0587,0.0214,-0.0021,0.0026,-0.0017,0,0.0474,-0.0223,0.0124,0.0034,-0.0046,0.0005
11/22/21,0.0157,0.0582,0.0385,0.0471,0.028,-0.0049,0.0042,-0.003,0.0004,0.0327,-0.0606,-0.016,0.0058,-0.0046,0.0003
11/23/21,0.0068,0.0322,0.0296,0.0306,0.0399,-0.0054,0.0023,-0.0035,0.0008,0.0099,-0.0593,-0.0086,0.0096,-0.0088,0.0002
11/24/21,0.0048,0.0407,0.0343,0.0295,0.0212,0.0021,0.0032,-0.0034,-0.0036,0.0029,-0.0224,-0.0062,0.0062,-0.0072,0
11/25/21,-0.0077,0.0266,0.0387,0.0295,0.0329,0.0058,0.0073,-0.0016,-0.004,-0.0029,-0.0575,0.0062,0.0184,-0.0168,0
11/26/21,-0.0349,0.0027,0.0167,0.0021,-0.0104,-0.0033,0.0189,0.002,-0.0056,-0.0033,-0.0787,0.0362,0.0213,-0.0209,-0.0001
11/29/21,-0.016,0.0268,0.0159,-0.0188,-0.0174,0,0.0278,0.0063,-0.008,-0.0008,-0.1239,0.0133,0.0198,-0.0184,0.0003
11/30/21,-0.0359,0.0069,0.0105,-0.0419,-0.0334,-0.0076,0.033,0.0071,-0.0072,-0.0025,-0.1604,0.0364,0.0155,-0.0153,0.0003
12/1/21,-0.0168,0.0014,0.003,-0.0297,-0.0546,-0.0063,0.0269,0.0072,-0.0124,0.0012,-0.1628,0.0146,0.001,-0.0015,0.0004
12/2/21,-0.0144,-0.0137,-0.0134,-0.039,-0.0618,0.0089,0.0258,0.0057,-0.0092,-0.0099,-0.1951,0.0123,0,-0.0005,0.0005
12/3/21,0.0073,0.0104,-0.0073,-0.0369,-0.0518,0.0161,0.0221,0.0047,-0.0099,-0.0042,-0.1632,-0.0122,-0.0029,0.0021,0.0006
12/6/21,0.0079,-0.01,-0.0235,-0.0513,-0.0582,0.013,0.0122,0.0029,-0.0076,-0.0082,-0.123,-0.0098,-0.0033,0.0026,0.0004
12/7/21,0.0163,-0.0076,-0.0116,-0.0382,-0.0374,0.0117,0.0101,0.0036,-0.0076,-0.0091,-0.0915,-0.0183,-0.0057,0.0041,0.0004
12/8/21,0.0221,0.0191,0.005,-0.0142,-0.0212,0.0312,0.0127,0.0034,-0.0024,-0.0163,-0.1166,-0.0231,-0.0062,0.0067,0.0005
12/9/21,0.0225,0.0263,0.0015,-0.0223,-0.0128,0.0579,0.0095,0.003,-0.0052,-0.0223,-0.0986,-0.0256,-0.0043,0.0046,0.0005
12/10/21,0.0278,0.0279,0.0012,-0.0325,-0.0201,0.0575,0.0095,0.0026,-0.0056,-0.0312,-0.1462,-0.0278,-0.0019,0.0015,0.0005
12/13/21,0.0179,-0.0122,0.0164,-0.0323,-0.0318,0.0532,0.0143,0.0038,-0.0048,-0.0406,-0.0877,-0.0208,-0.001,0,0.0003
12/14/21,0.0122,-0.0112,0.0055,-0.0421,-0.0406,0.041,0.0159,0.0049,-0.002,-0.0394,-0.1076,-0.0134,0.0005,-0.0031,0.0004
12/15/21,0.0009,-0.0287,-0.008,-0.0484,-0.0434,0.039,0.011,0.0024,-0.0056,-0.0493,-0.1128,-0.0012,0.0062,-0.0041,0.0004
12/16/21,0.0085,-0.0257,0.0111,-0.0352,-0.0232,0.033,0.0151,0.005,-0.0068,-0.0451,-0.1082,-0.0099,0.0038,-0.0026,0.0004
12/17/21,0.0239,-0.0329,-0.007,-0.0448,-0.0318,0.0234,0.0174,0.0056,-0.0052,-0.0283,-0.0901,-0.0255,-0.0005,0.0021,0.0003
12/20/21,0.0018,-0.0473,-0.034,-0.0714,-0.0635,0.0067,0.0215,0.0054,-0.0024,-0.0341,-0.1381,-0.0012,0.0062,-0.0047,0.0003
12/21/21,0.0095,-0.0383,-0.0251,-0.0517,-0.0403,0.0155,0.0228,0.0056,-0.0024,-0.0409,-0.1193,-0.011,0.0072,-0.0062,0.0003
12/22/21,-0.0081,-0.0362,-0.0133,-0.0416,-0.0332,0.007,0.0201,0.0068,-0.0028,-0.034,-0.0561,0.0075,0.0062,-0.0057,0.0005
12/23/21,0.0056,-0.007,0.0065,-0.0143,-0.0361,0.0108,0.0166,0.0062,-0.002,-0.0012,-0.0378,-0.0062,-0.0019,0.0016,0.0007
12/24/21,0.0151,-0.0131,0.0078,-0.0038,-0.0189,-0.0025,0.0165,0.0059,0.0032,0.0062,-0.0795,-0.0149,0.0014,0.0005,0.0009
12/27/21,0.0356,0.0127,0.0176,0.0087,-0.004,0.0071,0.0059,0.0031,0.0072,0.0037,-0.0406,-0.0373,-0.0043,0.0036,0.0009
12/28/21,0.044,0.0473,0.0309,0.0199,0.0037,0.0154,0.006,0.0035,0.0084,0.0049,0,-0.0421,-0.0038,0.0031,0.001
12/29/21,0.05,0.0308,0.0338,0.0455,0.0188,0.015,0.0094,0.0031,0.0133,0.0058,0.064,-0.0478,-0.0038,0.0047,0.0012
12/30/21,0.0652,0.0485,0.0386,0.0615,0.0354,0.0305,-0.0018,0.0021,0.0124,0.0017,0.1165,-0.0632,0.0019,-0.0026,0.0012
1/3/22,0.0187,0.021,0.0439,0.0397,0.032,0.0175,-0.0064,0.0029,0.0145,0.0288,0.1139,-0.0172,0.0125,-0.0108,0.0009
1/4/22,0.0181,0.0093,0.0481,0.0539,0.0464,0.0142,-0.0067,0.0024,0.0145,0.0167,0.117,-0.0172,0.0139,-0.0124,0.001
1/5/22,0.0036,-0.022,0.0426,0.05,0.0491,0.0083,-0.0109,0.0017,0.0125,0.0246,0.1295,-0.0025,0.0163,-0.0154,0.0009
1/6/22,-0.0084,-0.045,0.0262,0.0438,0.0242,-0.0047,-0.021,0.0003,0.0084,0.01,0.1277,0.0074,0.0153,-0.0155,0.0011
1/7/22,-0.0042,-0.0375,0.0193,0.0358,-0.0021,0.0024,-0.0175,-0.0009,0.006,0.0033,0.1293,0.0037,0.0177,-0.017,0.0012
1/10/22,-0.0136,-0.0679,0.0021,0.0294,-0.0021,-0.0302,-0.0219,-0.0028,0.0028,0.0109,0.1141,0.0137,0.0168,-0.016,0.001
1/11/22,-0.0107,-0.0709,-0.0007,0.0168,-0.0091,-0.0412,-0.0221,-0.002,0,0.0209,0.1111,0.0112,0.0134,-0.0113,0.0009
1/12/22,0.0055,-0.0464,0.0113,0.0319,0.0091,-0.0343,-0.0169,-0.0013,0.0004,0.0276,0.1441,-0.0075,0.0091,-0.0082,0.0009
1/13/22,-0.0004,-0.0489,-0.0017,0.0268,-0.0066,-0.0602,-0.0149,0.0011,0.0052,0.0216,0.1223,0.0012,0.0077,-0.0077,0.0011
1/14/22,-0.0103,-0.0676,-0.0016,0.0274,-0.0107,-0.0581,-0.0234,-0.0021,0.0028,0.0211,0.1458,0.0087,0.0057,-0.0041,0.0001
1/17/22,-0.0258,-0.0684,-0.0012,0.0221,-0.0125,-0.0313,-0.0306,-0.0055,0.002,0.007,0.164,0.0262,0.0091,-0.0098,0.0005
1/18/22,-0.0334,-0.0798,-0.004,0.0266,-0.0146,-0.028,-0.0307,-0.0053,0.008,0.0049,0.1802,0.0325,0.0081,-0.0093,0.0006
1/19/22,-0.0404,-0.0919,-0.0233,0.0091,-0.039,-0.0346,-0.028,-0.0038,0.0016,0.0029,0.192,0.04,0.0086,-0.0088,0.0007
1/20/22,-0.0166,-0.0632,-0.0017,0.0424,-0.003,-0.0068,-0.0342,-0.0043,0.0028,0.0205,0.2597,0.0134,0.0005,-0.001,0.0007
1/21/22,-0.0351,-0.0897,-0.0306,0.019,-0.0377,-0.0228,-0.0331,-0.0053,0.0028,0.0281,0.204,0.0346,0.0014,-0.001,0.0007
1/24/22,-0.0627,-0.1146,-0.0628,-0.0189,-0.0473,-0.0212,-0.0258,-0.0039,-0.008,0.0172,0.183,0.0653,0.0071,-0.0073,0.0005
1/25/22,-0.0855,-0.1302,-0.077,-0.0439,-0.0544,-0.0287,-0.0276,-0.0044,-0.0032,0.0193,0.1552,0.093,0.01,-0.0093,0.0005
1/26/22,-0.0884,-0.1466,-0.076,-0.0377,-0.0586,-0.0332,-0.028,-0.0044,-0.0028,0.023,0.1801,0.0955,0.0091,-0.0083,0.0004
1/27/22,-0.1133,-0.1935,-0.0929,-0.0418,-0.0889,-0.043,-0.0331,-0.0072,-0.0048,0.0004,0.1898,0.1263,0.0138,-0.0109,0.0009
1/28/22,-0.0969,-0.1954,-0.0909,-0.0294,-0.0748,-0.057,-0.0301,-0.0068,-0.0072,-0.0094,0.1471,0.1018,0.0157,-0.0135,0.0009
2/3/22,-0.0827,-0.1637,-0.0509,-0.0229,-0.0558,-0.0577,-0.0186,-0.0045,-0.0107,-0.0122,0.1569,0.0876,0.0119,-0.0109,0.0008
2/4/22,-0.0701,-0.1475,-0.0564,-0.0461,-0.0651,-0.0409,-0.0227,-0.0045,-0.0139,0.0008,0.1927,0.0738,0.0019,-0.0021,0.0008
2/7/22,-0.0685,-0.1127,-0.0441,-0.0519,-0.0395,-0.0412,-0.0119,-0.0028,-0.012,0.0108,0.1545,0.0718,0,0.0016,0.0009
2/8/22,-0.0668,-0.1168,-0.0466,-0.0458,-0.039,-0.057,-0.0202,-0.0045,-0.012,0.0166,0.1478,0.0705,-0.0014,0.0031,0.0009
2/9/22,-0.0538,-0.0991,-0.0353,-0.038,-0.0318,-0.0495,-0.0154,-0.0044,-0.012,0.0199,0.1238,0.0545,-0.0033,0.0042,0.0009
2/10/22,-0.0386,-0.097,-0.0206,-0.0201,-0.0267,-0.0476,-0.0145,-0.0033,-0.0092,0.0236,0.1415,0.0368,-0.0019,0.0037,0.0011
2/11/22,-0.0504,-0.1237,-0.0423,-0.0258,-0.0269,-0.0402,-0.0195,-0.006,-0.0124,0.0065,0.1405,0.0492,0.0038,-0.0036,0.0012
2/14/22,-0.0589,-0.1292,-0.0523,-0.0479,-0.0341,-0.0391,-0.0165,-0.0059,-0.0199,0.0134,0.1519,0.0613,0.0067,-0.0052,0.0019
2/15/22,-0.0647,-0.1421,-0.0575,-0.0595,-0.0444,-0.0275,-0.0167,-0.0064,-0.0234,0.0288,0.1519,0.0675,0.01,-0.0083,0.002
2/16/22,-0.0478,-0.0983,-0.0435,-0.0311,-0.0233,-0.0163,-0.0161,-0.0051,-0.0242,0.0142,0.1221,0.0479,0.0076,-0.0062,0.002
2/17/22,-0.0346,-0.1016,-0.0422,-0.0404,-0.037,-0.0255,-0.01,-0.0018,-0.0188,0.0309,0.0977,0.0328,0.0047,-0.0021,0.0018
2/18/22,-0.0307,-0.0849,-0.0506,-0.0389,-0.0376,-0.0309,-0.0105,-0.0026,-0.0262,0.0412,0.0738,0.0302,0.0038,-0.0021,0.0017
2/21/22,-0.0176,-0.079,-0.0181,-0.0356,-0.0191,-0.0322,-0.0174,-0.0031,-0.0199,0.0258,0.0834,0.0167,-0.0024,0.0021,0.0014
2/22/22,-0.0318,-0.0923,-0.0398,-0.0739,-0.0365,-0.0492,-0.0122,-0.0029,-0.0227,0.0374,0.129,0.0322,-0.0005,0,0.0014
2/23/22,-0.0284,-0.0787,-0.0299,-0.0591,-0.0362,-0.0347,-0.0133,-0.0024,-0.0231,0.0298,0.1125,0.0263,0,0.001,0.0015
2/24/22,-0.043,-0.0869,-0.0652,-0.0919,-0.0499,-0.053,-0.0031,-0.0014,-0.0145,0.0556,0.1436,0.0425,0.0047,-0.0047,0.0017
2/25/22,-0.0081,-0.0356,-0.0222,-0.043,-0.0299,-0.0265,-0.0066,-0.0015,-0.0164,0.0398,0.1445,0.0046,0.0024,-0.0026,0.0017
2/28/22,0.0098,0.0016,-0.0128,-0.0719,-0.0071,-0.0053,-0.004,0.0008,-0.0096,0.0623,0.1294,-0.0114,-0.0028,0.0026,0.0013
3/2/22,0.0057,0.0198,-0.0068,-0.094,-0.0128,0,0.0013,0.0011,-0.0116,0.0784,0.2491,-0.008,-0.0005,0.0005,0.0014
3/3/22,0.015,0.0261,-0.0318,-0.0869,-0.0248,-0.0092,-0.0031,-0.0005,-0.0088,0.0682,0.3039,-0.0173,-0.0023,0.0021,0.0014
3/4/22,-0.0136,-0.0054,-0.0392,-0.1157,-0.0483,-0.0302,0.0005,-0.0001,-0.0096,0.0726,0.2084,0.0117,0.0137,-0.0131,0.0013
3/7/22,-0.0257,-0.011,-0.0486,-0.1562,-0.074,-0.0434,-0.0022,0.0002,-0.0056,0.0971,0.3806,0.0266,0.0231,-0.023,0.0012
3/8/22,-0.0403,-0.0106,-0.0735,-0.1726,-0.097,-0.0366,0.005,0.0014,-0.0149,0.101,0.3585,0.0382,0.0321,-0.0313,0.0013
3/10/22,-0.0418,0.0142,-0.0669,-0.1107,-0.072,-0.0478,-0.0006,0.0007,-0.0177,0.086,0.2302,0.0391,0.0269,-0.0256,0.0012
3/11/22,-0.0364,0.0464,-0.0438,-0.1187,-0.0852,-0.0436,0.0072,0.0037,-0.0117,0.0931,0.2097,0.034,0.0264,-0.0251,0.0013
3/14/22,-0.025,0.0301,-0.0396,-0.0848,-0.0672,-0.0447,0.0003,0.0023,-0.0122,0.0684,0.1499,0.022,0.0383,-0.036,0.0014
3/15/22,-0.0275,0.0477,-0.0486,-0.0789,-0.0532,-0.1026,-0.0011,0.0028,-0.0159,0.0284,0.071,0.0264,0.0354,-0.034,0.0014
3/16/22,-0.0305,0.0279,-0.0391,-0.0847,-0.0573,-0.0765,-0.0021,0.0022,-0.0187,0.0356,0.1146,0.0293,0.0317,-0.0313,0.0014
3/17/22,-0.0222,0.0704,-0.0201,-0.0489,-0.022,-0.072,0.0039,0.0027,-0.0122,0.03,0.0925,0.02,0.0142,-0.0151,0.0014
3/18/22,-0.0164,0.0676,-0.0002,-0.0557,-0.0143,-0.0664,0.0017,0.0033,0.0008,0.0251,0.1981,0.0129,0.0137,-0.0104,0.0014
3/21/22,-0.0271,0.0515,0.0167,-0.0555,-0.0149,-0.0674,0.0058,0.0026,-0.0093,0.0196,0.2252,0.0246,0.0209,-0.0192,0.0014
3/22/22,-0.0038,0.0693,0.0416,-0.0153,0.0269,-0.049,-0.007,-0.0005,-0.0098,0.0159,0.2408,-0.0012,0.0209,-0.0198,0.0014
3/23/22,0.0014,0.0646,0.0466,-0.0092,0.0565,-0.0641,-0.0064,-0.0015,-0.0081,0.0133,0.225,-0.0035,0.0171,-0.0161,0.0013
3/24/22,0.0235,0.0915,0.0825,0.0165,0.0776,-0.0421,-0.0172,-0.003,-0.0008,0.0011,0.2197,-0.026,0.0141,-0.0136,0.0009
3/25/22,0.008,0.0532,0.064,-0.0105,0.0671,-0.0773,-0.0122,-0.0034,-0.0041,0.0244,0.2204,-0.0114,0.0141,-0.0131,0.0009
3/28/22,0.0011,0.0304,0.0555,0.0038,0.0449,-0.0806,-0.0265,-0.0105,-0.0121,0.0163,0.1589,-0.0035,0.0202,-0.0194,0.0007
3/29/22,0.0063,0.0513,0.0687,0.0152,0.0566,-0.0841,-0.0222,-0.0091,-0.0146,0.0085,0.1124,-0.0081,0.0146,-0.0136,0.0005
3/30/22,0.0098,0.0521,0.0804,0.0334,0.0526,-0.0687,-0.0152,-0.0077,-0.0053,0.0093,0.1232,-0.0127,0.0061,-0.0063,0.0006
3/31/22,0.013,0.0581,0.0754,0.0243,0.0503,-0.0661,-0.0228,-0.0076,-0.0053,0.0097,0.0908,-0.0161,0.0085,-0.0063,0.0007
4/1/22,0.0052,0.0506,0.0617,0.0099,0.0457,-0.0572,-0.0249,-0.0101,-0.0105,0.0159,0.0595,-0.0081,0.0108,-0.01,0.0007
4/4/22,0.0108,0.0428,0.0484,0.0694,0.0677,-0.0396,-0.0324,-0.0122,-0.0049,-0.0077,-0.0349,-0.015,0,-0.0005,0.0005
4/5/22,0.0098,0.0502,0.0545,0.071,0.0691,-0.0391,-0.0327,-0.0122,-0.002,-0.0023,0.0048,-0.0138,-0.0009,0,0.0004
4/6/22,-0.0005,0.0292,0.0426,0.0595,0.0534,-0.0525,-0.0363,-0.0151,-0.0004,-0.0088,-0.0203,-0.0035,0.0042,-0.0032,0.0004
4/7/22,0.0089,0.0408,0.049,0.1038,0.0648,-0.0359,-0.0329,-0.0127,-0.0065,-0.0306,-0.188,-0.0135,-0.0069,0.008,0.0006
4/8/22,0.023,0.0557,0.0882,0.1237,0.0997,-0.0238,-0.0347,-0.0138,-0.0041,-0.0362,-0.1751,-0.0234,-0.0105,0.0102,0.0003
4/11/22,0.006,0.0016,0.0488,0.0481,0.0738,-0.0424,-0.0463,-0.0193,-0.0029,-0.0246,-0.0597,-0.0057,0.0014,-0.0016,0.0001
4/12/22,-0.0035,-0.0093,0.0319,0.0317,0.0535,-0.0281,-0.0481,-0.0185,-0.0115,-0.0167,-0.048,0.0034,0.0037,-0.0038,0
4/13/22,0.0155,0.0132,0.0392,0.0449,0.0747,-0.0276,-0.0456,-0.0159,-0.0053,-0.0115,-0.0147,-0.0159,-0.0037,0.0021,0.0002
4/14/22,0.0116,0.0396,0.0515,0.0267,0.0778,-0.0061,-0.0374,-0.0135,-0.0021,-0.003,0.0039,-0.0124,-0.0146,0.0124,-0.0001
4/15/22,0.0083,0.0311,0.0521,0.0257,0.07,0.0433,-0.0411,-0.0134,0.0083,0.0188,0.0968,-0.0101,-0.0109,0.0103,0.0001
4/18/22,-0.0226,-0.039,-0.005,-0.0301,0.0017,-0.0145,-0.0484,-0.0173,-0.0118,0.0264,0.0331,0.0232,0.0177,-0.02,0
4/19/22,-0.0112,-0.0172,0.0035,-0.0207,0.0091,-0.0197,-0.0476,-0.0157,-0.0069,0.0191,0.0409,0.0116,0.0205,-0.0221,0
4/20/22,-0.012,-0.0243,0.0102,-0.0184,0.017,-0.036,-0.045,-0.0161,-0.009,0.0004,0.001,0.0127,0.0187,-0.0216,0.0002
4/21/22,0.0026,-0.0178,0.0084,0.0083,0.0395,-0.0549,-0.0423,-0.0146,-0.0033,0.0131,-0.0114,-0.0034,0.0172,-0.018,0.0004
4/22/22,-0.0173,-0.028,-0.0136,-0.0015,0.0003,-0.0553,-0.0393,-0.0128,-0.0025,0.0073,-0.074,0.0185,0.0167,-0.0154,0.0004
4/25/22,-0.033,-0.0611,-0.063,-0.0273,-0.0518,-0.0781,-0.0256,-0.0095,-0.0127,-0.0253,-0.108,0.0359,0.0251,-0.0244,0.0006
4/26/22,-0.0289,-0.0415,-0.0508,-0.0197,-0.0496,-0.0923,-0.0248,-0.0082,-0.0123,-0.031,-0.1007,0.0313,0.0255,-0.0244,0.0007
4/27/22,-0.0404,-0.0573,-0.0718,-0.0341,-0.058,-0.0633,-0.023,-0.0083,-0.0135,-0.0328,-0.0717,0.044,0.0371,-0.0356,0.0008
4/28/22,-0.0315,-0.0422,-0.0649,-0.0268,-0.0279,-0.0517,-0.01,-0.0039,-0.0127,-0.034,-0.0578,0.0324,0.0373,-0.0353,0.0013
4/29/22,-0.0221,-0.0394,-0.0663,-0.0307,-0.0319,-0.0337,-0.0197,-0.0055,-0.0107,-0.0065,0.0272,0.0221,0.0292,-0.0287,0.0016
5/2/22,-0.0247,-0.0503,-0.0863,-0.0365,-0.0306,-0.0733,-0.0271,-0.0073,-0.0147,-0.0275,0.0561,0.0256,0.0405,-0.0392,0.0011
5/3/22,-0.027,-0.0413,-0.0842,-0.044,-0.0262,-0.0635,-0.0307,-0.0077,-0.0237,-0.0432,0.0694,0.0279,0.0423,-0.0397,0.0014
5/4/22,-0.0293,-0.0548,-0.0814,-0.0422,-0.0246,-0.0681,-0.029,-0.0073,-0.0187,-0.0312,0.0442,0.0327,0.0429,-0.0408,0.0014
5/6/22,-0.0319,-0.065,-0.0848,-0.0524,-0.0108,-0.0859,-0.0221,-0.0036,-0.0329,-0.0239,0.0772,0.0347,0.0441,-0.0419,0.0015
5/9/22,-0.029,-0.089,-0.0934,-0.0566,-0.0227,-0.093,-0.0168,-0.002,-0.0218,-0.0315,0.1315,0.0296,0.0411,-0.0384,0.0017
5/10/22,-0.034,-0.0954,-0.1069,-0.065,-0.0299,-0.0836,-0.0163,-0.0013,-0.0243,-0.0368,0.0611,0.0353,0.0421,-0.04,0.0016
5/11/22,-0.0342,-0.0455,-0.0996,-0.0559,-0.0217,-0.0385,0.0047,0.005,-0.025,-0.0538,0.0729,0.0365,0.0349,-0.0328,0.0018
5/12/22,-0.041,-0.0778,-0.1068,-0.0497,-0.0207,-0.0696,0.0156,0.0054,-0.0207,-0.056,0.07,0.0429,0.0444,-0.0431,0.002
5/13/22,-0.0367,-0.0645,-0.1047,-0.0434,-0.0236,-0.063,0.0097,0.0031,-0.0317,-0.0756,0.0606,0.038,0.0466,-0.0444,0.0019
5/16/22,-0.0234,-0.0581,-0.0902,-0.0269,-0.0212,-0.067,0.0039,-0.0005,-0.0291,-0.0854,0.0393,0.0238,0.0447,-0.0434,0.0017
5/17/22,-0.0139,-0.0411,-0.0823,-0.0185,-0.0162,-0.0628,0.0039,-0.0009,-0.0303,-0.0737,0.0806,0.0136,0.0391,-0.0375,0.0016
5/18/22,-0.0129,-0.0215,-0.0669,-0.0046,0.0008,-0.0599,0.0052,0.0008,-0.0318,-0.0912,0.048,0.0125,0.0275,-0.0269,0.0016
5/19/22,-0.0383,-0.061,-0.1109,-0.0349,-0.0326,-0.054,0.0061,-0.0005,-0.0353,-0.0848,0.0206,0.0401,0.0329,-0.0323,0.0015
5/20/22,-0.0203,-0.0231,-0.1156,-0.0325,-0.0148,-0.0112,0.0089,0.0011,-0.0362,-0.0497,0.0729,0.0183,0.0275,-0.028,0.0014
5/23/22,-0.0105,-0.0047,-0.0988,-0.0345,-0.0036,0.002,0.0089,0.0013,-0.0289,-0.0542,0.0887,0.0091,0.0205,-0.021,0.0011
5/24/22,-0.0288,-0.0324,-0.1045,-0.0402,-0.0159,-0.0124,0.0137,0.0025,-0.028,-0.0557,0.0712,0.0273,0.0219,-0.0221,0.0012
5/25/22,-0.0089,0.0129,-0.0663,-0.0113,0.0026,0.0191,0.0054,0.0006,-0.024,-0.0321,0.1353,0.0067,0.0127,-0.0131,0.0012
5/26/22,-0.0164,-0.0118,-0.076,-0.0243,-0.002,0.0351,-0.0012,-0.0003,-0.0211,-0.0323,0.1271,0.0146,0.014,-0.0147,0.0008
5/27/22,0.0059,0.0068,-0.0345,0.011,0.014,0.0005,-0.0002,-0.0008,-0.0153,-0.0262,0.1232,-0.0089,-0.0058,0.0055,0.0007
5/30/22,-0.0059,-0.0027,-0.0179,0.0197,0.0067,-0.0159,0.0054,0.0023,-0.0004,-0.0287,0.1041,0.0034,-0.014,0.0126,0.0005
5/31/22,-0.002,0.0043,-0.0268,0.0204,0.0078,-0.005,-0.0042,0,0.0008,-0.0353,0.1325,0,-0.014,0.0137,0.0005
6/2/22,-0.009,0.0059,-0.013,0.014,0.0225,0.0151,-0.0015,0.0013,-0.0004,-0.0224,0.1034,0.0079,-0.0094,0.0094,0.0008
6/3/22,-0.0011,-0.0078,0.0041,0.0409,0.0272,0.0209,0.0037,0.0016,0.0054,0.0028,0.1164,0,-0.0196,0.0182,0.0007
6/7/22,-0.0083,-0.0036,-0.0099,0.0521,0.0327,0.0637,-0.0059,0.0006,0.0076,-0.0221,0.1019,0.0056,-0.0102,0.0105,0.0004
6/8/22,-0.0062,-0.0004,0.0022,0.0461,0.0414,0.0678,0,0.0003,0.0025,-0.017,0.1139,0.0034,-0.0138,0.0122,0.0005
6/9/22,0.0003,0.0323,0.0049,0.0454,0.0678,0.0647,-0.0045,-0.0004,0.0063,-0.0151,0.1272,-0.0044,-0.0142,0.0122,0.0006
6/10/22,-0.0048,0.0284,0.0002,0.0445,0.0505,0.084,-0.0057,-0.0022,0.0055,-0.0127,0.1951,0.0033,-0.0062,0.0056,0.0007
6/13/22,-0.0464,-0.0333,-0.0348,-0.0225,0.0251,0.0546,-0.0322,-0.0087,-0.0013,0.0212,0.12,0.0455,0.0009,0.0006,0.0001
6/14/22,-0.0501,-0.0324,-0.0411,-0.0164,0.0164,0.0561,-0.0338,-0.0117,-0.0183,0.0008,0.1528,0.0488,0.0013,-0.0028,0
6/15/22,-0.067,-0.0583,-0.0534,-0.0241,-0.0017,0.1011,-0.0441,-0.0137,-0.0234,-0.0049,0.1275,0.0699,0.0048,-0.0045,-0.0002
6/16/22,-0.064,-0.0469,-0.0575,-0.0344,-0.0054,0.086,-0.0358,-0.0129,-0.0194,0.0123,0.0896,0.0652,0.0022,-0.0017,-0.0006
6/17/22,-0.0799,-0.0707,-0.0844,-0.0647,-0.0293,0.0947,-0.0398,-0.0143,-0.0258,0.0085,0.0568,0.0837,0.0084,-0.0084,-0.0006
6/20/22,-0.0993,-0.1199,-0.0616,-0.0621,-0.0382,0.0791,-0.0417,-0.015,-0.0141,-0.0048,0.019,0.1079,0.0174,-0.0166,-0.0007
6/21/22,-0.0942,-0.107,-0.0527,-0.051,-0.0257,0.0717,-0.0417,-0.0139,-0.0137,-0.0088,0.0399,0.1011,0.0205,-0.0194,-0.0005
6/22/22,-0.1171,-0.1427,-0.0544,-0.0582,-0.0246,0.0697,-0.0353,-0.0122,-0.0119,-0.0145,-0.0127,0.1292,0.0223,-0.0216,-0.0004
6/23/22,-0.1271,-0.1748,-0.0519,-0.066,-0.0347,0.0901,-0.032,-0.0124,-0.0217,-0.0136,-0.0278,0.1396,0.0295,-0.0292,-0.0003
6/24/22,-0.0919,-0.1016,-0.0279,-0.0506,-0.0111,0.1251,-0.0321,-0.012,-0.0195,-0.0173,-0.0118,0.0962,0.0264,-0.0265,-0.0003
6/27/22,-0.0907,-0.0966,-0.0361,-0.0504,-0.0006,0.1402,-0.0384,-0.0137,-0.0277,-0.0116,-0.0331,0.094,0.0234,-0.0236,-0.0003
6/28/22,-0.0837,-0.1089,-0.0347,-0.0485,0.0062,0.1513,-0.0339,-0.0128,-0.0265,-0.016,-0.0009,0.0861,0.0216,-0.0214,-0.0003
6/29/22,-0.099,-0.13,-0.0578,-0.0551,-0.0045,0.1473,-0.0345,-0.0135,-0.0298,-0.0204,0.0035,0.1051,0.0333,-0.0334,-0.0003
6/30/22,-0.1254,-0.1589,-0.101,-0.0976,-0.0319,0.1623,-0.0339,-0.0142,-0.049,-0.0275,-0.0274,0.1395,0.0493,-0.046,-0.0003
7/1/22,-0.1377,-0.1816,-0.0976,-0.1043,-0.0518,0.147,-0.0114,-0.0099,-0.0526,-0.0309,-0.0902,0.1536,0.0489,-0.0459,-0.0005
7/4/22,-0.1328,-0.1725,-0.0894,-0.0959,-0.0582,0.1241,-0.0062,-0.0079,-0.0495,-0.0319,-0.0342,0.1471,0.0451,-0.0428,-0.0009
7/5/22,-0.119,-0.1337,-0.0821,-0.0914,-0.0481,0.1172,0.0032,-0.0075,-0.0508,-0.0327,-0.0291,0.129,0.0474,-0.0455,-0.0007
7/6/22,-0.139,-0.1495,-0.0887,-0.1197,-0.0601,0.0992,0.0114,-0.0035,-0.0466,-0.057,-0.1162,0.155,0.0533,-0.0504,-0.0007
7/7/22,-0.1051,-0.1056,-0.0615,-0.0941,-0.0531,0.0946,0.0222,-0.0019,-0.0475,-0.0538,-0.1475,0.1111,0.0332,-0.0351,-0.0004
7/8/22,-0.1021,-0.0992,-0.0657,-0.0851,-0.0578,0.0899,0.0094,-0.0027,-0.0389,-0.0603,-0.1261,0.1069,0.0374,-0.0367,-0.0009
7/11/22,-0.0951,-0.0989,-0.0413,-0.0681,-0.0275,0.0449,0.0128,-0.0034,-0.0289,-0.0593,-0.1331,0.0988,0.0286,-0.0282,-0.0012
7/12/22,-0.1038,-0.1192,-0.05,-0.0743,-0.0478,0.0506,0.0141,-0.0029,-0.0293,-0.0654,-0.1412,0.1087,0.0361,-0.0354,-0.0013
7/13/22,-0.0661,-0.051,-0.001,-0.023,-0.0183,0.0575,0.0312,0.0023,-0.017,-0.0793,-0.1665,0.0658,0.0185,-0.0207,-0.0016
7/14/22,-0.0657,-0.0535,-0.0049,-0.0347,-0.0051,0.0593,0.0316,0.0035,-0.0026,-0.0606,-0.1862,0.0656,0.0202,-0.0191,-0.0007
7/15/22,-0.0431,-0.0292,0.0102,-0.0312,0.0191,0.0161,0.047,0.0062,-0.0052,-0.0659,-0.1712,0.0394,0.0281,-0.0287,-0.0006
7/18/22,-0.0139,-0.0187,0.0508,0.0096,0.0477,0.0175,0.047,0.0099,0.0039,-0.0765,-0.1412,0.0093,0.0246,-0.0247,0
7/19/22,-0.0172,-0.0122,0.0399,0.0063,0.0433,0.0147,0.0473,0.0083,0.0061,-0.0789,-0.1126,0.0124,0.0215,-0.0219,0
7/20/22,0.0063,0.0299,0.0715,0.0506,0.0765,0.0014,0.037,0.0068,0.0026,-0.0772,-0.0631,-0.0101,0.0175,-0.0169,0.0001
7/21/22,0.0115,0.0163,0.0644,0.0309,0.0648,0.0041,0.0367,0.006,0.0156,-0.0832,-0.081,-0.0153,0.0118,-0.0119,0.0002
7/22/22,0.0312,0.0463,0.0712,0.0374,0.06,-0.0032,0.0358,0.0062,0.0082,-0.0612,-0.045,-0.0328,0.0135,-0.0125,0.0003
7/25/22,0.0222,0.0274,0.0335,0.0237,0.0502,-0.029,0.0371,0.0056,0.0147,-0.0572,-0.0773,-0.0232,0.0122,-0.0119,0.0002
7/26/22,0.0259,0.0296,0.0343,0.03,0.0488,-0.0246,0.0397,0.0059,0.0151,-0.058,-0.035,-0.0272,0.0087,-0.0085,0.0004
7/27/22,0.0133,0.0167,0.0103,0.0078,0.0359,-0.0254,0.0491,0.0076,0.0182,-0.0669,-0.0828,-0.0133,0.0215,-0.0213,0.0004
7/28/22,0.0121,0.0348,0.0246,0.0253,0.025,-0.041,0.0402,0.0077,0.0142,-0.0513,-0.0819,-0.0124,0.0137,-0.0146,0.0007
7/29/22,0.0338,0.0686,0.0712,0.0435,0.0431,-0.0527,0.0464,0.011,0.0286,-0.0327,-0.1041,-0.0344,0.0026,-0.0023,0.0008
8/1/22,0.0616,0.1143,0.0937,0.081,0.0821,-0.0623,0.0283,0.0064,0.0459,-0.0224,-0.0441,-0.0582,0.0061,-0.0057,0.0011
8/2/22,0.0558,0.1081,0.0905,0.0764,0.0675,-0.0767,0.0348,0.0072,0.042,-0.0162,-0.0753,-0.0533,0.0065,-0.0079,0.0012
8/3/22,0.0632,0.1271,0.0907,0.0743,0.0722,-0.0802,0.0316,0.006,0.0424,-0.0191,-0.0707,-0.0602,0.0109,-0.0102,0.0015
8/4/22,0.0683,0.1554,0.0873,0.084,0.0702,-0.083,0.0315,0.006,0.0434,-0.0263,-0.1398,-0.0641,0.0113,-0.0102,0.0017
8/5/22,0.0585,0.1164,0.0817,0.0777,0.066,-0.0735,0.023,0.0066,0.0474,-0.014,-0.1558,-0.0571,0.0004,0.0011,0.0017
8/8/22,0.054,0.0939,0.0677,0.0739,0.0616,-0.0648,0.0188,0.0027,0.0427,0.0163,-0.0925,-0.0503,0.0056,-0.004,0.0021
8/9/22,0.0574,0.1043,0.0663,0.0718,0.0499,-0.0618,0.0199,0.0035,0.0479,0.0227,-0.0858,-0.0533,0.0048,-0.0023,0.0021
8/10/22,0.045,0.0773,0.0587,0.0631,0.0482,-0.0715,0.016,0.0026,0.0422,0.0244,-0.0934,-0.0412,0.0096,-0.0074,0.0023
8/11/22,0.0684,0.0963,0.0904,0.0932,0.0356,-0.0226,0.0129,0.0042,0.0427,0.0253,-0.0697,-0.0649,0.0022,-0.0006,0.0025
8/12/22,0.0828,0.1169,0.0991,0.0968,0.0865,-0.0319,0.0074,0.0025,0.0371,0.0341,-0.0437,-0.0772,-0.006,0.008,0.0026
8/16/22,0.0773,0.0938,0.1296,0.115,0.081,-0.037,0.011,0.0052,0.0595,0.0429,-0.0431,-0.0709,-0.0107,0.0139,0.0026
8/17/22,0.0718,0.0867,0.1342,0.1213,0.0949,-0.0253,0.0078,0.0044,0.0538,0.0416,-0.0532,-0.0669,-0.0107,0.0127,0.0028
8/18/22,0.0446,0.0669,0.0979,0.0793,0.0704,-0.028,0.0063,0.0034,0.0406,0.0279,-0.0714,-0.0429,0.003,-0.0012,0.0029
8/19/22,0.042,0.0418,0.1108,0.0838,0.0743,-0.0286,-0.0015,0.0019,0.0379,0.0262,-0.0824,-0.0397,0.0108,-0.0098,0.003
8/22/22,0.0162,0.0171,0.0562,0.0365,0.0408,-0.0014,-0.0014,0.0008,0.0248,0.0126,-0.0769,-0.0154,0.0224,-0.0206,0.0022
8/23/22,0.0034,-0.0066,0.0344,0.0146,0.029,-0.006,-0.0029,0,0.0163,0.0074,-0.0548,-0.0031,0.0271,-0.0247,0.0023
8/24/22,0.0075,0.0092,0.0346,0.0182,0.0257,-0.0267,-0.0082,0.0003,0.0176,0.013,-0.024,-0.0072,0.0254,-0.0218,0.0022
8/25/22,0.0154,0.0288,0.0562,0.0378,0.0284,-0.0299,-0.0278,-0.0048,0.0154,0.0182,0.0269,-0.0155,0.0181,-0.0166,0.0018
8/26/22,0.0123,0.0135,0.059,0.0356,0.0355,-0.0311,-0.0325,-0.0047,0.0196,0.0186,-0.0334,-0.0114,0.019,-0.0172,0.0016
8/29/22,-0.023,-0.0406,-0.0192,-0.0307,0.0044,-0.0159,-0.0429,-0.0111,-0.0008,-0.0271,-0.0174,0.022,0.04,-0.0364,0.0013
8/30/22,-0.0124,-0.0133,-0.0142,-0.0232,0.0152,-0.0164,-0.0423,-0.0103,-0.0004,-0.0207,0.0155,0.0115,0.0378,-0.0358,0.0015
8/31/22,-0.0048,-0.0017,-0.0228,-0.0228,0.012,-0.0145,-0.047,-0.0124,-0.0059,-0.0275,-0.031,0.0042,0.0317,-0.0284,0.0015
9/1/22,-0.0269,-0.0303,-0.0455,-0.0562,-0.0159,-0.02,-0.0466,-0.0112,-0.0238,-0.0356,-0.074,0.0283,0.0398,-0.0376,0.0015
9/2/22,-0.027,-0.0236,-0.0338,-0.0537,0.0022,-0.0123,-0.0483,-0.0114,-0.0202,-0.0434,-0.0516,0.0281,0.0459,-0.0417,0.0015
9/5/22,-0.045,-0.0879,-0.0544,-0.0764,-0.0148,-0.0123,-0.0398,-0.0089,-0.0205,-0.0468,0.0031,0.0478,0.0582,-0.0556,0.0011
9/6/22,-0.045,-0.0806,-0.0525,-0.0752,-0.014,-0.0038,-0.0428,-0.0103,-0.0243,-0.0422,0.0052,0.0478,0.0578,-0.055,0.0013
9/7/22,-0.0588,-0.0961,-0.0617,-0.0771,-0.0258,0.0024,-0.0456,-0.0095,-0.0247,-0.0539,-0.0334,0.0638,0.0691,-0.0624,0.0018
9/8/22,-0.0553,-0.0698,-0.0382,-0.0541,-0.0035,-0.0019,-0.0333,-0.0067,-0.0209,-0.0329,-0.0644,0.0561,0.0588,-0.0542,0.0018
9/13/22,-0.0368,-0.0408,-0.0206,-0.022,0.0056,0.0033,-0.0243,-0.0056,-0.0092,-0.0397,-0.0527,0.0365,0.0572,-0.0529,0.0016
9/14/22,-0.0558,-0.073,-0.0641,-0.047,-0.0207,-0.0033,-0.025,-0.0068,-0.0212,-0.0522,-0.0537,0.0569,0.0693,-0.0637,0.0016
9/15/22,-0.0611,-0.0808,-0.0626,-0.0447,-0.0202,-0.0125,-0.0358,-0.008,-0.0262,-0.0601,-0.0447,0.0644,0.0732,-0.066,0.0017
9/16/22,-0.0702,-0.0977,-0.0968,-0.0731,-0.0427,-0.0291,-0.0471,-0.0127,-0.0384,-0.0701,-0.0252,0.0741,0.0638,-0.0611,0.0016
9/19/22,-0.0631,-0.0887,-0.0967,-0.0673,-0.0473,-0.0378,-0.0364,-0.0085,-0.0324,-0.0541,-0.0475,0.0657,0.0532,-0.0481,0.0013
9/20/22,-0.0599,-0.0798,-0.0847,-0.0661,-0.0418,-0.0397,-0.0378,-0.0094,-0.0337,-0.0494,-0.0392,0.0614,0.0506,-0.0464,0.0013
9/21/22,-0.0686,-0.0891,-0.0978,-0.08,-0.0538,-0.0425,-0.0439,-0.0104,-0.032,-0.0477,-0.0372,0.0731,0.0549,-0.0487,0.0014
9/22/22,-0.0666,-0.0763,-0.1026,-0.0664,-0.0528,-0.0623,-0.0485,-0.0135,-0.028,-0.0506,-0.051,0.069,0.0564,-0.0515,0.0014
9/23/22,-0.0663,-0.0812,-0.0902,-0.0543,-0.0452,-0.0561,-0.0565,-0.0157,-0.0265,-0.0371,-0.0783,0.0681,0.0486,-0.0459,0.0009
9/26/22,-0.1039,-0.144,-0.1267,-0.1019,-0.0739,-0.0368,-0.0515,-0.0165,-0.041,-0.0707,-0.1658,0.1144,0.0775,-0.0704,0.001
9/27/22,-0.1023,-0.1285,-0.1193,-0.0835,-0.0689,-0.0359,-0.0443,-0.014,-0.0406,-0.0719,-0.1609,0.1112,0.0707,-0.0663,0.0009
9/28/22,-0.1243,-0.1574,-0.1344,-0.1132,-0.0834,-0.042,-0.0477,-0.0155,-0.0523,-0.0805,-0.1688,0.1375,0.0839,-0.0774,0.0009
9/29/22,-0.1024,-0.1204,-0.083,-0.0742,-0.0533,-0.0399,-0.0397,-0.0123,-0.032,-0.0483,-0.1291,0.1118,0.0681,-0.0637,0.0011
9/30/22,-0.116,-0.1547,-0.0983,-0.0813,-0.0788,-0.0271,-0.0314,-0.0105,-0.0367,-0.041,-0.1582,0.1285,0.0649,-0.0589,0.0015
10/4/22,-0.0755,-0.1043,-0.0633,-0.0319,-0.0153,-0.0225,-0.0211,-0.0046,-0.012,0,-0.0429,0.077,0.0468,-0.0447,0.0017
10/5/22,-0.0753,-0.1099,-0.0422,0.0004,-0.0126,-0.001,-0.0296,-0.0085,-0.012,0.0066,-0.026,0.0781,0.0292,-0.0282,0.0017
10/6/22,-0.0651,-0.0907,-0.0398,0.0075,-0.0008,-0.0099,-0.0302,-0.0073,-0.006,0.0004,-0.0114,0.0669,0.0242,-0.0216,0.002
10/7/22,-0.0549,-0.0941,-0.0478,-0.0142,-0.0011,-0.0391,-0.0354,-0.0104,0.0004,0.0062,0.0356,0.0549,0.0215,-0.0212,0.0015
10/11/22,-0.076,-0.1466,-0.1003,-0.0507,-0.0367,-0.0647,-0.0513,-0.014,-0.0102,-0.0322,0.0956,0.0822,0.042,-0.0392,0.0013
10/12/22,-0.0681,-0.1387,-0.0962,-0.0503,-0.0477,-0.0643,-0.037,-0.0094,-0.0188,-0.0301,0.0811,0.0722,0.0339,-0.0326,0.0008
10/13/22,-0.111,-0.1796,-0.1358,-0.0985,-0.0779,-0.0843,-0.0451,-0.0125,-0.034,-0.0348,-0.0084,0.1253,0.0426,-0.0408,0.0009
10/14/22,-0.071,-0.1121,-0.0654,-0.0425,-0.0222,-0.0606,-0.0416,-0.0112,-0.0221,-0.0203,0.0189,0.0751,0.0288,-0.0279,0.0009
10/17/22,-0.0585,-0.0942,-0.069,-0.0386,-0.0175,-0.0237,-0.0316,-0.0095,-0.0202,-0.0072,0.0118,0.059,0.0344,-0.0304,0.0008
10/18/22,-0.0463,-0.0705,-0.0365,-0.0119,-0.0047,-0.0314,-0.0369,-0.0089,-0.0086,-0.005,0.0129,0.045,0.0251,-0.0219,0.0008
10/19/22,-0.0473,-0.0668,-0.0343,-0.0029,-0.0036,-0.0456,-0.0433,-0.012,-0.0112,-0.0153,-0.0119,0.0477,0.025,-0.025,0.0006
10/20/22,-0.0598,-0.096,-0.0593,-0.0086,-0.0218,-0.0462,-0.0439,-0.0121,-0.0064,-0.0278,0.0129,0.0609,0.032,-0.0304,0.0006
10/21/22,-0.049,-0.0895,-0.0542,-0.0038,-0.0121,-0.0444,-0.0563,-0.0143,-0.0077,-0.0353,-0.0021,0.0484,0.0339,-0.0335,0.0004
10/24/22,-0.0176,-0.0269,0.0013,0.0215,0.0019,-0.0668,-0.0254,-0.0059,0.0022,-0.0139,0.0243,0.0164,0.0232,-0.0216,0.0007
10/25/22,-0.0161,-0.0293,0.0133,0.0384,0.0125,-0.0781,-0.018,-0.0039,0.003,-0.0161,0.032,0.0145,0.0196,-0.0179,0.0007
10/26/22,0.0155,0.01,0.0415,0.0769,0.0451,-0.0716,0.0081,0.0003,0.0144,0.0128,0.1041,-0.0179,-0.0031,0.0025,0.0011
10/27/22,0.0313,0.0168,0.0404,0.0618,0.0403,-0.0661,-0.002,-0.0007,0.0187,0.0151,0.1353,-0.0331,-0.0028,0.0031,0.0012
10/28/22,0.0436,0.0357,0.0396,0.0907,0.0429,-0.0833,0.0096,-0.0002,0.0335,0.0213,0.1485,-0.0424,-0.0121,0.0132,0.0011
10/31/22,0.0635,0.0554,0.0652,0.0955,0.073,-0.1094,-0.0083,-0.0037,0.0245,-0.0176,0.0849,-0.0615,-0.0043,0.0044,0.0005
11/1/22,0.0796,0.0595,0.0666,0.1087,0.0762,-0.0942,-0.0013,-0.0021,0.0201,-0.0167,0.0951,-0.0753,-0.0094,0.0094,0.0006
11/2/22,0.0777,0.0503,0.0572,0.1157,0.073,-0.0747,-0.0005,-0.0023,0.028,-0.0117,0.1144,-0.0735,-0.0079,0.0088,0.0005
11/3/22,0.0717,0.0374,0.0297,0.085,0.0797,-0.0845,-0.0041,-0.0045,0.0254,-0.0221,0.1133,-0.068,-0.0039,0.0044,0.0006
11/4/22,0.0555,-0.0084,0.0025,0.0693,0.0089,-0.0469,-0.0092,-0.0074,0.0048,-0.037,0.0853,-0.0536,-0.002,0.0037,0.0002
11/7/22,0.0589,0.018,0.0104,0.0877,0.0108,-0.0529,-0.001,-0.0054,0.0026,-0.0254,0.0458,-0.0578,-0.0076,0.0062,-0.0005
11/8/22,0.0742,0.0425,0.0205,0.0958,0.0313,-0.0691,0.0016,-0.0041,-0.0052,-0.0268,0.0458,-0.071,-0.0207,0.0185,-0.0004
11/9/22,0.0849,0.0405,0.0249,0.0983,0.0166,-0.0892,0.0069,-0.003,-0.0052,-0.004,0.0198,-0.0805,-0.033,0.0328,-0.0003
11/10/22,0.0713,0.023,0.0071,0.0945,0.0147,-0.0941,0.0132,-0.0014,-0.0021,-0.004,-0.0125,-0.0701,-0.0251,0.026,0
11/11/22,0.1375,0.1206,0.1038,0.1624,0.0546,-0.048,0.0369,0.0049,0.0151,0.0509,-0.0081,-0.126,-0.0803,0.0841,0.0007
11/14/22,0.1118,0.0711,0.0721,0.1381,0.0369,-0.0521,0.0253,0.0012,0.0248,0.0513,0.0072,-0.1029,-0.0693,0.075,0.0008
11/15/22,0.1149,0.1037,0.0725,0.1457,0.0346,-0.0422,0.0298,0.0031,0.0287,0.0567,-0.0237,-0.1048,-0.0756,0.0819,0.0009
11/16/22,0.1128,0.0956,0.0772,0.1461,0.0377,-0.0397,0.0269,0.0018,0.0213,0.0589,-0.0155,-0.1039,-0.0701,0.075,0.0011
11/17/22,0.0974,0.0909,0.0951,0.1503,0.0384,-0.049,0.0333,0.0029,0.0293,0.0655,-0.0011,-0.0925,-0.0662,0.0728,0.0013
11/18/22,0.081,0.0494,0.0497,0.1267,0.0239,-0.0444,0.0405,0.0022,0.0225,0.0622,-0.0276,-0.0775,-0.0573,0.0579,0.0013
11/21/22,0.0899,0.0678,0.0789,0.1418,0.0419,-0.0291,0.0757,0.0089,0.0229,0.0742,-0.043,-0.0857,-0.0574,0.0605,0.0019
11/22/22,0.0821,0.0555,0.0781,0.1443,0.055,-0.026,0.0753,0.0087,0.0177,0.071,-0.043,-0.0772,-0.0574,0.0599,0.0019
11/23/22,0.0894,0.0835,0.0913,0.1485,0.055,-0.0281,0.0746,0.0078,0.0264,0.0677,-0.0301,-0.0847,-0.0605,0.0618,0.0021
11/24/22,0.0894,0.0666,0.0669,0.1326,0.0556,-0.0168,0.0717,0.0095,0.0281,0.0563,-0.0678,-0.0837,-0.0758,0.0793,0.0028
11/25/22,0.0833,0.0569,0.0552,0.1187,0.0363,-0.0043,0.0645,0.0074,0.0285,0.0601,-0.0673,-0.079,-0.0745,0.0784,0.003
11/28/22,0.0583,0.0256,0.0532,0.1069,0.0456,-0.0145,0.0479,0.0071,0.0179,0.0526,-0.1417,-0.0559,-0.0546,0.0572,0.0032
11/29/22,0.0703,0.0458,0.0475,0.1057,0.039,0.0242,0.0423,0.0054,0.012,0.053,-0.0972,-0.0665,-0.0637,0.0672,0.0033
11/30/22,0.0864,0.0419,0.043,0.1073,0.0351,0.0156,0.044,0.0067,0.012,0.053,-0.0941,-0.079,-0.0692,0.0759,0.0034
12/1/22,0.0607,0.0513,0.0433,0.1059,0.0224,0.0383,0.0417,0.0066,0.0184,0.0811,-0.0776,-0.0566,-0.0802,0.0862,0.0037
12/2/22,0.0389,0.0356,0.0481,0.0884,0.0079,0.0042,0.0482,0.0084,0.02,0.0875,-0.0864,-0.0367,-0.0812,0.0875,0.0041
12/5/22,0.0323,0.058,0.0836,0.1084,0.0248,0.0026,0.0522,0.0098,0.0341,0.0933,-0.0978,-0.0308,-0.0871,0.0938,0.0044
12/6/22,0.0192,0.0367,0.0658,0.1024,0.0272,0.0251,0.056,0.0101,0.0276,0.0714,-0.129,-0.0189,-0.0681,0.0739,0.0046
12/7/22,0.0028,0.0231,0.0412,0.0698,0.0131,0.0253,0.0633,0.0112,0.0124,0.0554,-0.1723,-0.002,-0.0541,0.0596,0.0045
12/8/22,-0.0115,-0.0029,0.0282,0.0565,-0.0094,0.0395,0.0597,0.0103,0.022,0.0649,-0.1902,0.0122,-0.0435,0.0479,0.0048
12/9/22,-0.0098,0.0091,0.0341,0.0621,0.0185,0.0715,0.0558,0.0089,0.0315,0.0463,-0.1808,0.0103,-0.0444,0.0485,0.0048
12/12/22,-0.042,-0.0393,-0.0162,0.0111,-0.009,0.051,0.033,0.0046,0.0161,0.0124,-0.181,0.0477,-0.0068,0.0098,0.004
12/13/22,-0.0428,-0.0383,-0.0008,0.0174,-0.0056,0.0425,0.0308,0.0037,0.0161,0.0111,-0.1554,0.0477,-0.0094,0.0133,0.0041
12/14/22,-0.0258,-0.0037,0.0122,0.0301,0.0069,0.0277,0.0404,0.0067,0.0144,0.0248,-0.1453,0.0295,-0.0199,0.0233,0.0043
12/15/22,-0.0446,-0.0508,0.0032,0.0155,-0.0011,0.015,0.0362,0.0055,0.019,0.0085,-0.1035,0.0485,-0.0094,0.0098,0.0045
12/16/22,-0.0473,-0.0558,-0.0274,-0.0133,-0.0136,0.016,0.0427,0.0078,0.0213,0,-0.1215,0.0527,-0.0131,0.0151,0.0045
12/19/22,-0.0323,-0.0354,-0.0248,-0.0221,-0.0269,0.0094,0.0325,0.0079,0.0114,0.0124,-0.0928,0.0373,-0.0243,0.03,0.0044
12/20/22,-0.0403,-0.0546,-0.0427,-0.0324,-0.0446,-0.023,0.0154,0.0071,0.0072,0.0115,-0.0852,0.0467,-0.0327,0.0371,0.0045
12/21/22,-0.0353,-0.0291,-0.033,-0.0184,-0.0603,-0.0163,0.0146,0.0075,0.0072,0.0363,-0.0505,0.0412,-0.0501,0.0553,0.0042
12/22/22,-0.0157,0.0101,-0.0193,-0.0059,-0.0593,-0.0199,0.0215,0.0096,0.0157,0.0403,-0.0236,0.0194,-0.0575,0.0631,0.0045
12/23/22,-0.0391,-0.0541,-0.0477,-0.0234,-0.0667,-0.0231,0.0167,0.0111,0.0063,0.0295,-0.0432,0.0453,-0.0503,0.057,0.0046
12/26/22,-0.0427,-0.0426,-0.0495,-0.0309,-0.0602,0.0005,-0.0023,0.0078,0.0017,0.021,0.0023,0.0496,-0.0356,0.039,0.0038
12/27/22,-0.0359,-0.0309,-0.0445,-0.0283,-0.0571,0.0096,0.0002,0.0078,-0.0029,0.0245,0.0172,0.0434,-0.0368,0.0425,0.004
12/28/22,-0.0355,-0.0322,-0.0448,-0.0299,-0.0671,0.0201,-0.0077,0.0078,-0.0038,0.0293,0.0602,0.0408,-0.051,0.0571,0.0042
12/29/22,-0.0635,-0.0674,-0.0517,-0.042,-0.0713,-0.0201,-0.0043,0.0098,0.0013,0.0276,-0.0034,0.0722,-0.0448,0.0507,0.0044
1/2/23,-0.0674,-0.075,-0.0609,-0.0476,-0.0807,-0.0132,-0.0173,0.0047,-0.0117,0.0243,-0.0189,0.0751,-0.019,0.0211,0.0037
1/3/23,-0.0674,-0.0707,-0.0562,-0.0354,-0.054,-0.001,-0.0051,0.0094,-0.0104,0.0193,-0.0156,0.0751,-0.0203,0.024,0.004
1/4/23,-0.0477,-0.0651,-0.061,-0.0242,-0.0702,-0.0004,0.0001,0.0112,-0.0113,0.0226,-0.0567,0.0525,-0.0185,0.0217,0.0044
1/5/23,-0.037,-0.0801,-0.0552,-0.0022,-0.0692,-0.0033,0.0006,0.0124,-0.0054,0.0234,-0.0827,0.0431,-0.0152,0.0187,0.0045
1/6/23,-0.0142,-0.0449,-0.0471,0.0054,-0.0659,-0.0206,-0.0027,0.0124,0.0059,0.0354,-0.0451,0.0193,-0.0348,0.0382,0.0046
1/9/23,0.0064,-0.0295,-0.0185,0.0236,-0.0636,-0.0187,0.0027,0.0154,0.0109,0.0434,0.0374,-0.0031,-0.0405,0.0468,0.0045
1/10/23,0.0077,-0.049,-0.0235,0.0254,-0.0606,-0.0141,0.0052,0.0163,0.0121,0.04,0.0324,-0.0041,-0.0409,0.0451,0.0047
1/11/23,0.0094,-0.0247,-0.0153,0.0342,-0.0534,-0.009,0.0084,0.0185,0.0109,0.0459,0.0312,-0.0061,-0.0401,0.0445,0.0048
1/12/23,0.0187,-0.0106,0.0075,0.0531,-0.0501,-0.0031,0.0084,0.0192,0.0142,0.0508,0.0699,-0.0162,-0.0442,0.0493,0.0051
1/13/23,0.0269,-0.0168,-0.0073,0.0503,-0.0649,0.0189,0.0195,0.0218,0.0192,0.0576,0.0448,-0.0233,-0.0434,0.048,0.0051
1/16/23,0.0458,-0.0019,0.0236,0.0889,-0.0598,0.0354,0.0034,0.0193,0.0163,0.073,0.0441,-0.042,-0.0498,0.0573,0.0047
1/17/23,0.0375,-0.0218,0.0206,0.0848,-0.0466,0.0287,-0.0017,0.0191,0.0158,0.0688,0.0477,-0.033,-0.0468,0.0533,0.0049
1/18/23,0.0308,-0.0194,0.0231,0.0915,-0.0246,0.0271,0.0076,0.0202,0.0083,0.0641,0.0715,-0.027,-0.0476,0.055,0.005
1/19/23,0.037,-0.016,0.015,0.0905,-0.0202,0.0384,0.02,0.0243,0.0239,0.0612,0.0469,-0.034,-0.0507,0.0565,0.0055
1/20/23,0.0526,0.0074,0.0299,0.0949,0.0065,0.0841,0.0304,0.0242,0.0231,0.0731,0.0656,-0.0486,-0.0403,0.0459,0.0056
1/25/23,0.0766,0.0373,0.0445,0.0823,0.0428,0.1112,0.0309,0.0231,0.0201,0.0726,0.0278,-0.0689,-0.0337,0.0393,0.0052
1/26/23,0.0898,0.0342,0.0449,0.0922,0.0401,0.115,0.0364,0.0231,0.0138,0.0791,0.0149,-0.0818,-0.0312,0.037,0.0055
1/27/23,0.0907,0.0208,0.0449,0.0912,0.0363,0.1151,0.0301,0.0235,0.0269,0.0625,0.0124,-0.0833,-0.029,0.0329,0.0055
1/30/23,0.1061,0.0576,0.069,0.1048,0.0547,0.0964,0.0434,0.0234,0.0274,0.0641,0.0069,-0.0943,-0.0257,0.0305,0.0051
1/31/23,0.089,0.0626,0.059,0.1006,0.0541,0.0872,0.0362,0.0246,0.0253,0.0553,-0.0184,-0.0799,-0.0221,0.0266,0.0051
2/1/23,0.1008,0.0854,0.0723,0.109,0.0538,0.0888,0.0436,0.0263,0.0223,0.0624,0.0034,-0.0905,-0.0221,0.0272,0.0054
2/2/23,0.1193,0.1203,0.0767,0.1061,0.0772,0.07,0.0527,0.0305,0.0312,0.0507,-0.0374,-0.1053,-0.0382,0.0442,0.0058
2/3/23,0.1239,0.1187,0.0769,0.1014,0.0503,0.05,0.0462,0.0279,0.0304,0.0362,-0.052,-0.1081,-0.0282,0.034,0.0056
2/6/23,0.0558,0.0921,0.0769,0.0603,0.0639,0.0217,0.0253,0.0216,0.0184,0.0186,-0.0145,-0.0517,-0.0088,0.0145,0.0043
2/7/23,0.0624,0.1181,0.076,0.0617,0.0679,0.03,0.0241,0.0221,0.0188,0.0157,0.0085,-0.0577,-0.0066,0.0117,0.0045
2/8/23,0.0789,0.1286,0.0886,0.0718,0.0648,0.0238,0.0223,0.0216,0.0109,0.0177,0.0327,-0.0726,-0.0031,0.0089,0.0046
2/9/23,0.0472,0.1186,0.0562,0.0472,0.0582,0.0408,0.013,0.0198,0.0012,-0.0032,0.0385,-0.0429,0.0157,-0.0142,0.0045
2/10/23,0.0432,0.1256,0.0471,0.0436,0.0594,0.0293,0.0096,0.0196,0.007,-0.0113,0.035,-0.0379,0.0207,-0.0147,0.0044
2/13/23,0.0248,0.1031,0.0248,0.0118,0.0539,0.0273,-0.0082,0.0133,-0.0066,-0.02,0.007,-0.0207,0.031,-0.0256,0.0036
2/14/23,0.0309,0.1177,0.039,0.0264,0.0611,0.0182,-0.0046,0.0141,-0.0053,-0.0216,0.0139,-0.0269,0.0247,-0.0196,0.0036
2/15/23,0.0114,0.0962,0.0347,0.0239,0.0468,0.0202,-0.0098,0.0136,-0.0061,-0.0292,-0.0012,-0.0083,0.0364,-0.03,0.0036
2/16/23,0.0233,0.1329,0.038,0.0305,0.0746,0.0035,-0.005,0.0144,-0.007,-0.0467,-0.0023,-0.0199,0.0429,-0.0374,0.0036
2/17/23,0.0224,0.1311,0.0202,0.0258,0.0523,0.0005,-0.0118,0.0104,-0.009,-0.0489,-0.025,-0.0197,0.0522,-0.0451,0.0033
2/20/23,0.0195,0.1552,0.0437,0.0393,0.0383,0.0194,-0.0238,0.0072,-0.0099,-0.0476,-0.0482,-0.0167,0.0515,-0.0445,0.0025
2/21/23,0.018,0.1606,0.0397,0.0352,0.0338,0.0194,-0.0212,0.0069,-0.0152,-0.05,-0.0571,-0.0156,0.051,-0.0461,0.0024
2/22/23,0.0004,0.1332,0.0241,0.023,0.0221,0.0164,-0.026,0.0065,-0.0247,-0.0512,-0.0627,0.0021,0.0587,-0.0526,0.0024
2/23/23,0.013,0.1361,0.0259,0.0296,0.0221,0.008,-0.0218,0.0076,-0.0144,-0.0547,-0.0851,-0.0104,0.0533,-0.0472,0.0027
2/24/23,0.004,0.1254,0.0257,0.0348,0.0338,-0.0045,-0.0177,0.0085,-0.0099,-0.0575,-0.0627,-0.0021,0.0596,-0.0521,0.0029
2/27/23,-0.0413,0.0885,-0.0196,-0.0034,0.0046,-0.037,-0.0222,0.0051,-0.0148,-0.0635,-0.0701,0.0465,0.077,-0.0692,0.0023
2/28/23,-0.0386,0.1145,-0.0162,0.0188,0.0062,-0.0288,-0.035,0.0037,-0.0148,-0.0616,-0.069,0.0432,0.0784,-0.0692,0.0022
3/2/23,-0.0265,0.0537,-0.048,0.0089,0.0054,0.0357,-0.0463,-0.0045,-0.0131,-0.0643,0.0059,0.0289,0.0804,-0.0717,0.0012
3/3/23,-0.0283,0.0825,-0.0433,0.0119,0.0181,0.0359,-0.0471,-0.0044,-0.0139,-0.0421,0.0238,0.03,0.0593,-0.0561,0.0011
3/6/23,0.0082,0.1173,-0.0169,0.0262,0.0245,0.0147,-0.0325,-0.0012,-0.007,-0.0162,0.0689,-0.0073,0.0373,-0.0351,0.0015
3/7/23,-0.0032,0.0895,-0.0154,0.0248,0.0231,-0.0055,-0.0262,-0.0014,-0.0037,-0.0166,0.0649,0.0032,0.0359,-0.0347,0.0015
3/8/23,-0.0325,0.0812,-0.0433,0.0003,0.0347,0.0035,-0.0292,-0.0028,0.0017,-0.0385,0.0023,0.0343,0.0486,-0.0475,0.0015
3/9/23,-0.0324,0.0587,-0.0347,0.0102,0.0399,-0.0084,-0.028,-0.0027,-0.0021,-0.0385,-0.022,0.0342,0.0517,-0.047,0.0014
3/10/23,-0.0405,0.0484,-0.0464,0,0.0199,-0.0085,-0.0146,-0.0004,-0.0107,-0.0176,-0.0338,0.0415,0.0484,-0.046,0.0018
3/13/23,-0.0269,0.0585,-0.0363,0.0096,0.0176,-0.0251,0.0061,0.0053,-0.0173,0.0045,-0.0253,0.0275,0.0205,-0.0196,0.0024
3/14/23,-0.0553,0.0035,-0.0658,-0.0419,-0.0132,-0.0164,0.0115,0.0051,-0.0152,0.0229,-0.0617,0.0596,0.0342,-0.0334,0.0029
3/15/23,-0.0249,0.0597,-0.047,-0.0139,0.003,-0.0257,0.0045,0.0042,-0.0091,0.0256,-0.0742,0.0272,0.0191,-0.018,0.0028
3/16/23,-0.0474,0.0163,-0.0607,-0.0443,-0.0225,-0.0262,0.0085,0.0041,-0.0132,0.0411,-0.1407,0.0512,0.0234,-0.0231,0.0032
3/17/23,-0.0279,0.0542,-0.0268,-0.0315,0.0032,-0.019,0.0195,0.0078,-0.0133,0.056,-0.1155,0.0306,0.0056,-0.0057,0.0036
3/20/23,-0.0382,0.0263,-0.0462,-0.0579,-0.0199,-0.0425,0.027,0.0087,-0.0149,0.0761,-0.14,0.0413,0.0146,-0.0136,0.0036
3/21/23,-0.0344,0.0198,-0.028,-0.0296,-0.0197,-0.0308,0.0251,0.0085,-0.0113,0.0721,-0.1211,0.0381,0.0155,-0.0119,0.0039
3/22/23,-0.005,0.0622,0.0008,-0.0058,0.012,-0.0265,0.0312,0.0083,0.0055,0.0539,-0.0908,0.0062,0.0051,-0.0023,0.004
3/23/23,-0.0145,0.0625,-0.0128,-0.0156,0.0131,-0.0212,0.0282,0.009,-0.0021,0.08,-0.0526,0.0158,-0.0103,0.0131,0.0039
3/24/23,-0.009,0.0836,-0.015,-0.0205,-0.0073,-0.01,0.0289,0.0085,-0.0041,0.086,-0.0789,0.0115,-0.0064,0.008,0.0039
3/27/23,-0.0047,0.0835,0.0047,0.001,0.0019,-0.0125,0.0301,0.0088,-0.0042,0.0843,-0.0813,0.0062,-0.013,0.0139,0.0039
3/28/23,0.0041,0.0594,-0.0001,-0.0185,0.0022,-0.0227,0.0425,0.009,-0.0037,0.0744,-0.0418,-0.0021,-0.016,0.0174,0.0042
3/29/23,0.0056,0.0773,0.0021,-0.0175,0.0151,-0.0213,0.0408,0.0095,-0.0042,0.077,-0.0311,-0.0041,-0.0126,0.0145,0.0043
3/30/23,0.0127,0.0938,0.012,-0.0047,0.0151,-0.0183,0.0393,0.0094,0,0.0803,-0.0406,-0.0104,-0.0147,0.018,0.0047
3/31/23,0.0246,0.0985,0.016,0.0091,0.0235,-0.0084,0.0386,0.01,0.0029,0.0887,-0.0239,-0.0228,-0.0147,0.0168,0.0048
4/3/23,0.0147,0.0913,0.0291,0.0097,0.0175,-0.0005,0.0336,0.0095,0.0095,0.0576,0.0163,-0.0115,0.018,-0.0126,0.0047
4/4/23,0.0193,0.088,0.0367,0.0154,0.0215,0.0034,0.0399,0.0109,0.005,0.0708,0.0361,-0.0156,0.0167,-0.0126,0.0048
4/5/23,0.0251,0.116,0.0313,0.0121,0.0064,-0.0059,0.0399,0.0107,0.01,0.0957,0.0396,-0.0208,0.0115,-0.0086,0.0051
4/6/23,-0.0071,0.0861,0.0072,-0.003,-0.0166,0.0189,0.0399,0.0115,0.0033,0.0823,0.0173,0.0106,0.0193,-0.0176,0.0051
4/7/23,0.0152,0.1196,0.011,0.002,-0.0189,0.0403,0.0332,0.0104,-0.0021,0.0871,0,-0.0105,0.0171,-0.0148,0.0051
4/10/23,0.0544,0.1916,0.0536,0.0221,-0.0097,0.0348,0.0307,0.01,0.0058,0.085,0.0737,-0.048,0,0.0023,0.0046
4/11/23,0.0682,0.212,0.0578,0.0306,0.0026,0.0343,0.0293,0.0097,0.0066,0.0884,0.0725,-0.0613,0.0021,0.0006,0.0048
4/12/23,0.0716,0.1848,0.0558,0.0292,0.0066,0.0378,0.0287,0.0098,0.0091,0.0963,0.0857,-0.0644,0.0046,-0.0023,0.0046
4/13/23,0.065,0.1703,0.0421,0.0312,0.0165,0.0207,0.0124,0.0044,0.0214,0.0724,0.0791,-0.0577,0.0137,-0.0108,0.0044
4/14/23,0.0944,0.2348,0.0717,0.0769,0.0559,0.0232,0.0036,0.0047,0.0192,0.0668,0.1072,-0.0844,-0.0034,0.0069,0.0041
4/17/23,0.0727,0.178,0.0449,0.0599,0.0449,0.0494,0.0081,0.0033,0.0197,0.0384,0.1939,-0.0666,0.0102,-0.0063,0.0035
4/18/23,0.0711,0.1759,0.0469,0.0582,0.0503,0.0596,0.0079,0.0033,0.0218,0.0313,0.1807,-0.0635,0.014,-0.0115,0.0035
4/19/23,0.0719,0.1697,0.0441,0.0599,0.0498,0.054,0.0064,0.0031,0.0189,0.0261,0.1702,-0.0646,0.0213,-0.0166,0.0035
4/20/23,0.0766,0.1293,0.0634,0.0924,0.0716,0.0485,-0.004,0.0007,0.019,0,0.186,-0.0692,0.0127,-0.0115,0.0036
4/21/23,0.0684,0.1084,0.0427,0.062,0.0739,0.0267,0.0011,0.0026,0.0186,0.0012,0.15,-0.0612,0.0165,-0.0144,0.0036
4/24/23,0.0484,0.0546,0.0399,0.056,0.0618,0.0131,-0.0032,0.0018,0.0125,-0.0077,0.0986,-0.0423,0.0365,-0.0329,0.0032
4/25/23,0.0352,0.0402,0.0425,0.0556,0.0602,0.0086,-0.0045,0.0019,0.0121,-0.0004,0.1258,-0.032,0.0365,-0.0306,0.0032
4/26/23,0.0341,0.0369,0.0338,0.0467,0.0553,0.0106,-0.0033,0.0022,0.0163,0.0004,0.1089,-0.0289,0.0373,-0.0329,0.0033
4/27/23,0.0424,0.076,0.0186,0.0412,0.048,0.0192,-0.0026,0.0025,0.0184,0.0128,0.0742,-0.037,0.032,-0.0269,0.0035
4/28/23,0.0324,0.0715,0.0345,0.0514,0.0601,0.0248,-0.0019,0.0034,0.0192,0.0125,0.0362,-0.028,0.035,-0.0297,0.0034
5/2/23,0.0227,0.0493,0.0266,0.021,0.0475,0.006,0.0004,0.0016,0.0104,-0.0023,0.0184,-0.017,0.0358,-0.0314,0.0027
5/3/23,0.0187,0.0112,0.0071,0.0073,0.0363,-0.0191,0.009,0.0041,-0.0041,0.0278,-0.0905,-0.0148,0.0181,-0.0162,0.0028
5/4/23,0.0101,0.0236,-0.0085,-0.0013,0.0182,-0.0219,0.0069,0.0049,0.0074,0.0267,-0.1427,-0.0074,0.0093,-0.0058,0.003
5/8/23,0.0182,-0.0318,0.0062,0.0096,0.0559,-0.0223,0.0018,0.0032,0.0021,-0.0011,-0.1084,-0.0138,0.0088,-0.0023,0.0022
5/9/23,0.0151,-0.0447,0.0059,0.0123,0.0655,-0.0257,0.0022,0.0037,-0.0025,0.0015,-0.0982,-0.0117,0.0109,-0.0041,0.0022
5/10/23,-0.0008,-0.0829,0.0041,0.0136,0.0526,-0.0302,-0.0042,0.0022,0.0012,0.0134,-0.0945,0.0043,0.0088,-0.0041,0.0022
5/11/23,-0.0165,-0.1117,0.0052,0.0049,0.0404,-0.0297,0.0012,0.0037,0.0037,0.0123,-0.0901,0.0218,0.008,-0.0035,0.0023
5/12/23,-0.0242,-0.0935,0.0048,0.0059,0.046,-0.0384,0.0035,0.0041,-0.0004,-0.0072,-0.1313,0.0295,0.0134,-0.0064,0.0025
5/15/23,-0.0269,-0.1119,-0.0041,0.0007,0.0395,-0.0158,-0.0021,0.0021,-0.0053,-0.0176,-0.1496,0.034,0.0328,-0.0274,0.0019
5/16/23,-0.0242,-0.1034,-0.0065,-0.0046,0.0493,-0.0143,0.0007,0.0032,-0.0037,-0.0221,-0.1364,0.0296,0.0357,-0.0291,0.0019
5/17/23,-0.0213,-0.0803,-0.0094,-0.0069,0.0559,-0.0422,0.005,0.0043,-0.0033,-0.0164,-0.1403,0.0263,0.024,-0.0196,0.0019
5/18/23,-0.0104,-0.0836,-0.0014,0.0069,0.0671,-0.0519,0.001,0.0032,-0.0062,-0.0138,-0.1028,0.0142,0.0185,-0.0116,0.002
5/19/23,0.0028,-0.0716,0.0134,0.0108,0.0759,-0.0609,-0.0003,0.0032,-0.0025,-0.0147,-0.0947,0.0011,0.0054,-0.0017,0.0019
5/22/23,0.0173,-0.0062,0.0129,0.0114,0.087,-0.0437,-0.0016,0.0023,0.0021,-0.0104,-0.0799,-0.0152,-0.0012,0.0064,0.0015
5/23/23,0.0203,0.0058,0.0142,0.0117,0.0824,-0.0614,-0.0075,0.0022,0.0025,-0.0166,-0.0599,-0.0163,-0.0058,0.0111,0.0016
5/24/23,0.0236,0.0169,0.0046,-0.0085,0.0713,-0.0574,-0.0119,0.0018,-0.0033,-0.0054,-0.039,-0.0205,-0.0091,0.0135,0.0015
5/25/23,0.0357,0.0178,0.0005,-0.0166,0.0775,-0.0596,-0.0183,-0.0002,-0.0078,-0.0231,-0.0588,-0.0299,-0.0012,0.0041,0.0017
5/26/23,0.0404,0.0183,0.0115,-0.0092,0.0864,-0.055,-0.0216,-0.0013,-0.0119,-0.0273,-0.0713,-0.0361,-0.0029,0.0076,0.0016
5/30/23,0.0487,-0.0026,0.0182,0,0.0846,-0.08,-0.0193,-0.0009,-0.0082,-0.0305,-0.0397,-0.0427,-0.0058,0.0082,0.0013
5/31/23,0.0412,0.0079,0.0114,-0.0209,0.0699,-0.0859,-0.0102,0.0009,-0.0053,-0.0162,-0.077,-0.0374,-0.0045,0.0094,0.0014
6/1/23,0.0379,0.0176,0.0108,-0.0248,0.079,-0.0913,-0.0119,0.0005,-0.0061,-0.0166,-0.0891,-0.0342,-0.0082,0.0106,0.0019
6/2/23,0.0399,0.0048,0.0124,-0.0144,0.0833,-0.0778,-0.0056,0.0023,-0.0025,-0.0074,-0.0613,-0.0367,-0.0226,0.0259,0.0022
6/5/23,0.0564,0.0223,0.0418,0.0063,0.1229,-0.0777,-0.0194,-0.0023,0.0016,-0.0512,0.0524,-0.0522,-0.0071,0.0111,0.0018
6/7/23,0.0541,0.0408,0.0428,0.0076,0.1084,-0.0956,-0.0149,-0.0006,0.0012,-0.043,0.0301,-0.0501,-0.0104,0.014,0.0019
6/8/23,0.0396,0.0388,0.0276,-0.0066,0.0934,-0.0977,-0.0215,-0.0009,-0.0029,-0.043,0.0089,-0.0377,-0.0088,0.0122,0.0022
6/9/23,0.0566,0.0725,0.0336,-0.0056,0.1021,-0.0901,-0.0201,-0.001,0.0062,-0.0353,-0.02,-0.0538,-0.0196,0.0227,0.0023
6/12/23,0.0643,0.1058,0.0379,-0.0016,0.1047,-0.0803,-0.0214,-0.0023,0.0074,-0.0276,-0.0192,-0.0594,-0.0322,0.034,0.0019
6/13/23,0.0694,0.1252,0.0477,0.0089,0.1265,-0.0915,-0.0219,-0.001,0.0066,-0.0276,-0.0435,-0.0647,-0.0441,0.0475,0.002
6/14/23,0.0642,0.0788,0.0501,0.0089,0.1437,-0.0859,-0.0269,-0.0026,0.0029,-0.0352,-0.0154,-0.0583,-0.0387,0.041,0.0022
6/15/23,0.0575,0.0929,0.0505,0.0092,0.1314,-0.0791,-0.0245,-0.0021,0.0103,-0.0443,-0.0194,-0.0552,-0.0375,0.0429,0.0023
6/16/23,0.0597,0.0968,0.0666,0.0164,0.1289,-0.0685,-0.0243,-0.0023,0.0119,-0.0269,-0.0064,-0.0554,-0.0464,0.0518,0.0025
6/19/23,0.026,0.0694,0.0419,0.0023,0.0853,-0.0484,-0.015,-0.0008,0.0111,-0.0106,-0.0249,-0.0241,-0.0319,0.035,0.0024
6/20/23,0.0242,0.0618,0.0403,-0.0078,0.0829,-0.0509,-0.0154,-0.0005,0.0091,-0.0121,-0.0262,-0.023,-0.0315,0.0344,0.0026
6/21/23,0.0146,0.0468,0.0369,-0.0126,0.0912,-0.0586,-0.0122,0.0002,0.0066,-0.0211,-0.0212,-0.0131,-0.0236,0.0263,0.0027
6/22/23,0.0107,0.0309,0.0342,-0.0213,0.0692,-0.0621,-0.0176,-0.0009,0.0054,-0.0265,0.0166,-0.0077,-0.015,0.0174,0.0029
6/23/23,0.0028,0.016,0.0344,-0.0226,0.0588,-0.0528,-0.0127,-0.0011,0.0079,-0.0279,-0.0525,-0.0033,-0.0038,0.0046,0.003
6/26/23,0.009,0.0466,0.0438,0.0036,0.0584,-0.0434,0.0039,0.0029,0.0116,-0.0174,-0.0353,-0.0066,-0.0116,0.014,0.0028
6/27/23,0.0086,0.034,0.0417,0.0046,0.0556,-0.0365,0.004,0.0033,0.012,-0.0162,-0.029,-0.0066,-0.0145,0.0181,0.0029
6/28/23,0.0031,0.0221,0.0484,0.0099,0.0741,-0.0317,0.0036,0.0029,0.0087,-0.0229,-0.0542,-0.0022,-0.01,0.0128,0.0031
6/29/23,0.003,0.0187,0.0495,0.0136,0.0779,-0.0286,0.0029,0.0032,0.0178,-0.0285,-0.0378,-0.0022,-0.0025,0.0052,0.0033
6/30/23,-0.0075,0.0207,0.0381,0.0042,0.0621,-0.0145,-0.0026,0.0018,0.0116,-0.0187,-0.0351,0.0078,-0.0008,0.0064,0.0033
7/3/23,0.0057,0.0364,0.0472,0.0338,0.0686,-0.0081,-0.0069,0.0005,0.0111,-0.0359,-0.0077,-0.0034,0.0076,-0.0023,0.0025
7/4/23,0.0017,0.0331,0.0474,0.0268,0.0602,-0.0064,-0.0076,0.0008,0.0119,-0.0296,-0.0102,0,0.0034,0.0017,0.0025
7/5/23,-0.0106,0.0443,0.0341,0.0158,0.035,-0.0119,-0.0042,0.0012,-0.0016,-0.0139,-0.0299,0.0157,-0.0029,0.0058,0.0027
7/6/23,-0.0182,0.0192,0.0305,0.0039,0.0196,-0.0157,-0.0085,0.0012,0.0045,-0.0155,-0.0162,0.0236,-0.0004,0.0035,0.003
7/7/23,-0.03,-0.0022,0.0234,-0.0184,0.0217,0.0011,-0.0172,-0.0016,-0.0037,-0.0276,0.0089,0.0359,0.0042,-0.0011,0.0028
7/10/23,-0.043,-0.023,0.017,-0.0234,-0.0011,-0.0016,-0.0156,-0.0017,0.0041,-0.0248,0.0281,0.0511,0.0136,-0.0119,0.0023
7/11/23,-0.0255,0.0061,0.0262,-0.0036,0.003,0.0005,-0.0072,-0.0001,0.0016,-0.0197,0.0294,0.0307,0.0038,-0.0023,0.0025
7/12/23,-0.0128,-0.0021,0.0265,-0.0003,-0.0136,0.0011,-0.0102,-0.0009,0.0033,-0.015,0.0705,0.0158,0.0051,-0.0011,0.0025
7/13/23,-0.0097,-0.0035,0.0261,0.0033,-0.0144,0.0178,-0.0014,0.0011,0.0041,-0.0032,0.1124,0.0147,0.0073,-0.0034,0.0028
7/14/23,0.0103,0.0496,0.0277,0.0039,-0.0334,0.0138,0.0015,0.0026,0.018,0.002,0.0936,-0.0079,-0.0073,0.0096,0.003
7/17/23,0.0051,0.0295,0.0131,-0.0006,-0.0429,-0.0349,0.0032,0.0024,0.009,-0.0071,0.0487,-0.0023,0.0004,0.0028,0.0028
7/18/23,-0.0014,0.0612,0.017,-0.0061,-0.0353,-0.0381,0.0043,0.002,0.0073,-0.0043,0.0462,0.0056,-0.0043,0.009,0.0028
7/19/23,0.0029,0.0839,0.0299,-0.0006,-0.0105,-0.0346,0.0101,0.003,0.0122,0.0075,0.06,0.0011,-0.0086,0.0118,0.0029
7/20/23,0.0016,0.1001,0.0316,0,-0.0244,-0.026,0.007,0.0028,0.0151,0.0115,0.0588,0.0022,-0.0034,0.0079,0.0032
7/21/23,0.0121,0.1279,0.0311,0.0056,-0.0367,-0.0082,0.0011,0.0017,0.0107,0.0148,0.0687,-0.0089,-0.003,0.0051,0.0032
7/24/23,0.0211,0.1397,0.0355,0.0155,-0.002,-0.0099,0.0059,0.0026,0.0156,0.0206,0.1135,-0.0144,-0.013,0.019,0.0029
7/25/23,0.0229,0.1771,0.0408,0.0218,-0.0018,0.026,0.0028,0.0029,0.0127,0.021,0.1412,-0.0177,-0.0164,0.0224,0.003
7/26/23,0.0046,0.1237,0.0457,0.0201,0.0002,0.0166,-0.0005,0.0011,0.016,0.0209,0.1358,-0.0033,-0.018,0.023,0.003
7/27/23,0.0172,0.0916,0.0504,0.0155,0.0126,0.017,0.0016,0.0024,0.0164,0.0213,0.131,-0.0133,-0.0143,0.0177,0.0032
7/28/23,0.0204,0.1442,0.0365,0.0266,-0.0113,0.0333,-0.0056,0.0012,0.0107,0.0154,0.1651,-0.0155,-0.0193,0.0219,0.0032
7/31/23,0.0221,0.1719,0.0366,0.0188,0.0026,0.0321,-0.0005,0.0025,0.0131,0.0232,0.1468,-0.0177,-0.0303,0.0336,0.0031
8/1/23,0.0389,0.166,0.0382,0.0185,0.0073,0.0321,0.0026,0.0033,0.0143,0.024,0.1636,-0.0343,-0.022,0.0255,0.0031
8/2/23,0.0163,0.1184,0.0304,-0.0036,-0.0152,0.0316,-0.0036,0.0026,0.0045,0.0187,0.1714,-0.0122,-0.0104,0.0145,0.0032
8/3/23,-0.006,0.104,0.01,-0.0234,-0.0431,0.0336,-0.0141,0.0016,0.0045,0.0061,0.1277,0.009,-0.0033,0.0075,0.0034
8/4/23,-0.0019,0.0976,0.0117,-0.0165,-0.0355,0.053,-0.0164,0.0007,0.0008,-0.0012,0.1449,0.0056,0.0084,-0.0052,0.0035
8/7/23,0.0275,0.0724,0.0163,0.0181,-0.0027,0.0501,0.0009,0.0033,0.0119,0.0081,0.145,-0.0249,0.005,-0.0006,0.0033
8/8/23,0.0189,0.0727,0.0187,0.0224,-0.0034,0.0567,0.0066,0.0042,0.0168,0.0061,0.1337,-0.0152,0.013,-0.0086,0.0034
8/9/23,0.03,0.1011,0.0189,0.0191,-0.0065,0.0528,0.0033,0.004,0.0111,0.0045,0.1463,-0.026,0.013,-0.0092,0.0036
8/10/23,0.0284,0.1163,0.0216,0.031,0.015,0.0515,0.0082,0.0051,0.0115,-0.0069,0.1516,-0.0249,0.0126,-0.0069,0.0039
8/11/23,0.0066,0.0761,0.0085,0.0112,0.0123,0.035,-0.0031,0.0037,0.0094,-0.0128,0.1253,-0.0022,0.0283,-0.0222,0.0039
8/14/23,-0.0313,0.0315,-0.0118,-0.0185,-0.009,0.0185,-0.0125,0.0002,-0.0012,-0.0261,0.0702,0.0375,0.0557,-0.0474,0.003
8/16/23,-0.0459,0.0028,-0.0167,-0.0304,-0.0181,0.0125,-0.011,0.0005,-0.004,-0.0305,0.0547,0.0533,0.0613,-0.053,0.003
8/17/23,-0.045,0.0238,-0.0219,-0.0317,-0.0137,0.0356,-0.0219,0.0002,-0.002,-0.0353,0.0709,0.0532,0.0616,-0.0552,0.0035
8/18/23,-0.0439,-0.0193,-0.0338,-0.0355,-0.0269,0.0301,-0.0153,0.0012,-0.0125,-0.0384,0.0858,0.0505,0.0653,-0.0588,0.0034
8/21/23,-0.0401,-0.0393,-0.0391,-0.0362,-0.0229,0.0011,-0.0215,0,-0.0012,-0.0453,0.0702,0.0459,0.0528,-0.043,0.0027
8/22/23,-0.0363,-0.0305,-0.0318,-0.027,-0.0097,0.0077,-0.0222,0,-0.0004,-0.0398,0.0548,0.0436,0.046,-0.0396,0.0029
8/23/23,-0.0384,-0.05,-0.0318,-0.0225,-0.0088,-0.0022,-0.0163,0.0009,0.0004,-0.0382,0.0488,0.0447,0.0485,-0.0407,0.003
8/24/23,-0.0316,-0.036,-0.0169,-0.0179,-0.0103,0.0017,-0.0139,0.0018,0.0004,-0.0257,0.0296,0.036,0.0353,-0.0316,0.0031
8/25/23,-0.0438,-0.0673,-0.0422,-0.0349,-0.0278,-0.0388,-0.016,0.001,-0.002,-0.0285,0.0162,0.0519,0.041,-0.036,0.0033
8/28/23,-0.0341,-0.0147,-0.0319,-0.0396,-0.0163,-0.0481,-0.0062,0.0015,0.0045,-0.0203,0.0126,0.0393,0.0406,-0.0343,0.0027
8/29/23,-0.0296,-0.0131,-0.0263,-0.0297,-0.0157,-0.0381,-0.004,0.0025,0.0069,-0.0175,0.008,0.0337,0.0389,-0.0326,0.0026
8/30/23,-0.0267,-0.0098,-0.0133,-0.0249,-0.0118,-0.037,-0.0052,0.0026,0.0077,-0.0104,0.0297,0.0314,0.0414,-0.0332,0.0028
8/31/23,-0.0306,-0.0431,-0.0158,-0.0331,-0.0198,-0.0417,-0.0009,0.0035,0.0036,-0.0099,0.0227,0.0361,0.0437,-0.0376,0.003
9/1/23,-0.0368,-0.0541,-0.0199,-0.0341,-0.0199,-0.0427,0,0.0028,-0.0048,-0.0139,0.0313,0.0436,0.0306,-0.0271,0.0111
9/4/23,-0.0026,-0.0334,0.0052,-0.0085,0.0245,-0.0508,0.0056,0.0031,0.0122,0.004,0.0621,0.0067,0.0108,-0.0086,0.0028
9/5/23,-0.0037,-0.0409,-0.0058,-0.0154,0.0261,-0.0519,0.0029,0.0029,0.011,-0.0024,0.0712,0.0078,0.0196,-0.0161,0.0028
9/6/23,-0.0107,-0.049,-0.0086,-0.0184,0.0332,-0.0529,0.0042,0.0031,0.0093,-0.0076,0.0814,0.0145,0.0208,-0.0161,0.0028
9/7/23,-0.0132,-0.0224,-0.0107,-0.0233,0.0222,-0.0435,-0.0092,0.0008,0.0045,-0.0129,0.0606,0.0189,0.0254,-0.0224,0.0029
9/8/23,-0.0034,-0.0132,-0.0119,-0.0239,0.0109,-0.0625,-0.0082,0.0013,-0.0057,-0.0072,0.0645,0.0055,0.0166,-0.0145,0.0029
9/11/23,-0.005,-0.0369,-0.0023,-0.0258,-0.0036,-0.0359,-0.0079,0.0002,0.0085,0.0024,0.0628,0.0077,0.0103,-0.0052,0.0022
9/12/23,-0.0101,-0.0472,0.0005,-0.0232,0.0061,-0.0412,-0.0073,0.0005,0.0097,-0.0016,0.0673,0.0133,0.0062,-0.0029,0.0023
9/13/23,-0.0094,-0.0648,-0.0065,-0.034,0.0018,-0.0475,-0.0065,0,0.0041,-0.0069,0.0816,0.0133,0.009,-0.0052,0.0024
9/14/23,0.0137,-0.0268,0.0015,-0.0135,0.0358,-0.0407,0.0009,0.0023,0.0024,-0.0069,0.0933,-0.012,0,0.0012,0.0027
9/15/23,0.0269,-0.0288,0.0084,0.001,0.0468,-0.0401,0,0.0018,-0.004,-0.0008,0.1178,-0.0252,0.0012,0.0018,0.0028
9/18/23,0.0386,-0.0163,0.016,0.0138,0.0566,-0.026,-0.0036,0.001,0.0184,0.0161,0.1388,-0.0363,-0.0085,0.0106,0.0023
9/19/23,0.0307,-0.0211,0.014,0.0027,0.0562,-0.0249,-0.0001,0.0007,0.0123,0.0165,0.1456,-0.0278,-0.0045,0.0082,0.0023
9/20/23,0.0305,-0.0159,0.013,0.0088,0.0511,-0.026,-0.0026,0.0009,0.0106,0.0173,0.1242,-0.0278,-0.0033,0.0065,0.0024
9/21/23,0.0117,-0.0615,0.0016,0.0047,0.0334,-0.0099,-0.0019,0.0012,0.0045,0.0177,0.099,-0.0107,0.0016,0.0018,0.0027
9/22/23,0.0041,-0.07,-0.0177,-0.01,0.0158,-0.0087,0.0011,0.0016,-0.0041,0.0094,0.1332,-0.0054,0.0049,0.0006,0.0026
9/25/23,0.0045,-0.0935,-0.013,-0.0104,0.033,0.0062,-0.0027,0.0015,0.0049,0.0004,0.1456,-0.0043,0.0135,-0.0093,0.0021
9/26/23,-0.0086,-0.1055,-0.0168,-0.0254,0.0208,0.0146,-0.0044,0.002,-0.0016,-0.0045,0.1274,0.0096,0.0238,-0.0187,0.0028
9/27/23,-0.0062,-0.0908,-0.0229,-0.0304,0.0233,0.0151,-0.004,0.0019,-0.0077,-0.013,0.157,0.0086,0.0246,-0.0181,0.0027
10/4/23,-0.0621,-0.1242,-0.08,-0.0536,-0.0692,-0.0411,-0.0352,-0.0021,-0.0245,-0.0693,0.0511,0.0686,0.0371,-0.0314,0.002
10/5/23,-0.0609,-0.1225,-0.0586,-0.0383,-0.0527,-0.0439,-0.0303,-0.002,-0.0241,-0.0613,-0.0042,0.0685,0.0196,-0.0146,0.0023
10/6/23,-0.0524,-0.1014,-0.0574,-0.0287,-0.0592,-0.0358,-0.0248,-0.0013,-0.0209,-0.0588,-0.0376,0.0593,0.0171,-0.0158,0.0027
10/10/23,-0.0468,-0.1226,-0.0317,-0.0181,-0.0197,-0.0089,-0.0213,0,-0.0081,-0.0389,0,0.0536,0.0179,-0.0106,0.0024
10/11/23,-0.0336,-0.09,-0.0286,-0.0164,-0.0095,-0.023,-0.0098,0.0015,-0.0085,-0.0381,-0.0083,0.0384,0.0085,-0.0076,0.0026
10/12/23,-0.0175,-0.0561,-0.0241,0,0.0027,-0.0099,-0.0063,0.0024,-0.0097,-0.024,-0.0424,0.0207,0.0131,-0.0094,0.0028
10/13/23,-0.0269,-0.0561,-0.0266,-0.0091,-0.0049,-0.0083,-0.0129,0.0024,-0.0125,-0.0209,-0.0418,0.0294,0.0192,-0.0146,0.003
10/16/23,0,0,0,0,0,0,0,0,0,0,0,0,0,0,0